RegionID,SizeRank,RegionName,RegionType,StateName,Date,Value,location,lat,long
102001,0,United States,country,NA,2023-03-31,334268.6831879027,"United States, NA",37.09024,-95.712891
394913,1,"New York, NY",msa,NY,2023-03-31,568543.1999290494,"New York, NY, NY",40.7127753,-74.0059728
753899,2,"Los Angeles, CA",msa,CA,2023-03-31,873619.3533000508,"Los Angeles, CA, CA",34.0522342,-118.2436849
394463,3,"Chicago, IL",msa,IL,2023-03-31,289343.730912465,"Chicago, IL, IL",41.8781136,-87.6297982
394514,4,"Dallas, TX",msa,TX,2023-03-31,368252.4089746363,"Dallas, TX, TX",32.7766642,-96.79698789999999
394692,5,"Houston, TX",msa,TX,2023-03-31,301493.5807130758,"Houston, TX, TX",29.7604267,-95.3698028
395209,6,"Washington, DC",msa,VA,2023-03-31,534318.199725401,"Washington, DC, VA",38.9071923,-77.0368707
394974,7,"Philadelphia, PA",msa,PA,2023-03-31,327608.5621237501,"Philadelphia, PA, PA",39.9525839,-75.1652215
394856,8,"Miami, FL",msa,FL,2023-03-31,451279.807292639,"Miami, FL, FL",25.7616798,-80.1917902
394347,9,"Atlanta, GA",msa,GA,2023-03-31,363322.1146914841,"Atlanta, GA, GA",33.748752,-84.38768449999999
394404,10,"Boston, MA",msa,MA,2023-03-31,620810.9829844338,"Boston, MA, MA",42.3600825,-71.0588801
394976,11,"Phoenix, AZ",msa,AZ,2023-03-31,434289.259370442,"Phoenix, AZ, AZ",33.4483771,-112.0740373
395057,12,"San Francisco, CA",msa,CA,2023-03-31,1111241.0754911003,"San Francisco, CA, CA",37.7749295,-122.4194155
395025,13,"Riverside, CA",msa,CA,2023-03-31,546077.1847348546,"Riverside, CA, CA",33.9806005,-117.3754942
394532,14,"Detroit, MI",msa,MI,2023-03-31,231252.80048864093,"Detroit, MI, MI",42.331427,-83.0457538
395078,15,"Seattle, WA",msa,WA,2023-03-31,700910.8313770061,"Seattle, WA, WA",47.6062095,-122.3320708
394865,16,"Minneapolis, MN",msa,MN,2023-03-31,360442.3697080878,"Minneapolis, MN, MN",44.977753,-93.2650108
395056,17,"San Diego, CA",msa,CA,2023-03-31,843046.5302214496,"San Diego, CA, CA",32.715738,-117.1610838
395148,18,"Tampa, FL",msa,FL,2023-03-31,363967.91152734886,"Tampa, FL, FL",27.950575,-82.4571776
394530,19,"Denver, CO",msa,CO,2023-03-31,581378.2381081005,"Denver, CO, CO",39.7392358,-104.990251
394358,20,"Baltimore, MD",msa,MD,2023-03-31,354813.62335883593,"Baltimore, MD, MD",39.2903848,-76.6121893
395121,21,"St. Louis, MO",msa,MO,2023-03-31,229688.36564307832,"St. Louis, MO, MO",38.6270025,-90.19940419999999
394943,22,"Orlando, FL",msa,FL,2023-03-31,380872.83148424083,"Orlando, FL, FL",28.5383832,-81.3789269
394458,23,"Charlotte, NC",msa,NC,2023-03-31,361079.8470263319,"Charlotte, NC, NC",35.2270869,-80.8431267
395055,24,"San Antonio, TX",msa,TX,2023-03-31,290993.12462870433,"San Antonio, TX, TX",29.4251905,-98.4945922
394998,25,"Portland, OR",msa,OR,2023-03-31,538709.9674766693,"Portland, OR, OR",45.515232,-122.6783853
395045,26,"Sacramento, CA",msa,CA,2023-03-31,554364.762271695,"Sacramento, CA, CA",38.5815719,-121.4943996
394982,27,"Pittsburgh, PA",msa,PA,2023-03-31,193593.03715703636,"Pittsburgh, PA, PA",40.44062479999999,-79.9958864
394466,28,"Cincinnati, OH",msa,OH,2023-03-31,259211.1289467172,"Cincinnati, OH, OH",39.1031182,-84.5120196
394355,29,"Austin, TX",msa,TX,2023-03-31,483033.71728562185,"Austin, TX, TX",30.267153,-97.7430608
394775,30,"Las Vegas, NV",msa,NV,2023-03-31,398446.9403116568,"Las Vegas, NV, NV",36.171563,-115.1391009
394735,31,"Kansas City, MO",msa,MO,2023-03-31,283674.8077733829,"Kansas City, MO, MO",39.0997265,-94.5785667
394492,32,"Columbus, OH",msa,OH,2023-03-31,292382.0776949147,"Columbus, OH, OH",39.9611755,-82.99879419999999
394705,34,"Indianapolis, IN",msa,IN,2023-03-31,264447.32346956996,"Indianapolis, IN, IN",39.768403,-86.158068
394475,35,"Cleveland, OH",msa,OH,2023-03-31,206335.3254120579,"Cleveland, OH, OH",41.49932,-81.6943605
395059,36,"San Jose, CA",msa,CA,2023-03-31,1432530.2905369888,"San Jose, CA, CA",37.33874,-121.88525250000001
394902,37,"Nashville, TN",msa,TN,2023-03-31,422966.37156279274,"Nashville, TN, TN",36.1626638,-86.7816016
395194,38,"Virginia Beach, VA",msa,VA,2023-03-31,324180.4662829445,"Virginia Beach, VA, VA",36.8516437,-75.97921939999999
395005,39,"Providence, RI",msa,RI,2023-03-31,430479.54387861973,"Providence, RI, RI",41.8239891,-71.4128343
394714,40,"Jacksonville, FL",msa,FL,2023-03-31,353054.95398930507,"Jacksonville, FL, FL",30.3321838,-81.65565099999999
394862,41,"Milwaukee, WI",msa,WI,2023-03-31,304474.98652737815,"Milwaukee, WI, WI",43.0389025,-87.9064736
394935,42,"Oklahoma City, OK",msa,OK,2023-03-31,221210.44541211813,"Oklahoma City, OK, OK",35.4675602,-97.5164276
395012,43,"Raleigh, NC",msa,NC,2023-03-31,421932.4372747846,"Raleigh, NC, NC",35.7795897,-78.6381787
394849,44,"Memphis, TN",msa,TN,2023-03-31,228730.008007796,"Memphis, TN, TN",35.1495343,-90.0489801
395022,45,"Richmond, VA",msa,VA,2023-03-31,342218.4057294776,"Richmond, VA, VA",37.5407246,-77.4360481
394807,46,"Louisville, KY",msa,KY,2023-03-31,243016.50525882703,"Louisville, KY, KY",38.2526647,-85.7584557
394910,47,"New Orleans, LA",msa,LA,2023-03-31,234471.1232239326,"New Orleans, LA, LA",29.95106579999999,-90.0715323
395053,48,"Salt Lake City, UT",msa,UT,2023-03-31,532766.74066474,"Salt Lake City, UT, UT",40.7607793,-111.8910474
394669,49,"Hartford, CT",msa,CT,2023-03-31,318414.3168728242,"Hartford, CT, CT",41.7658043,-72.6733723
394425,50,"Buffalo, NY",msa,NY,2023-03-31,236882.2797510783,"Buffalo, NY, NY",42.88644679999999,-78.8783689
394388,51,"Birmingham, AL",msa,AL,2023-03-31,238798.86290896617,"Birmingham, AL, AL",33.5185892,-86.8103567
395031,52,"Rochester, NY",msa,NY,2023-03-31,220568.22063209067,"Rochester, NY, NY",43.15657789999999,-77.6088465
394640,53,"Grand Rapids, MI",msa,MI,2023-03-31,304446.32290026505,"Grand Rapids, MI, MI",42.9633599,-85.6680863
395167,54,"Tucson, AZ",msa,AZ,2023-03-31,330924.4933254875,"Tucson, AZ, AZ",32.2539787,-110.9741769
753924,55,"Urban Honolulu, HI",msa,HI,2023-03-31,870228.6231665779,"Urban Honolulu, HI, HI",21.3098845,-157.85814010000001
395169,56,"Tulsa, OK",msa,OK,2023-03-31,216681.4123032021,"Tulsa, OK, OK",36.1539816,-95.99277500000001
394619,57,"Fresno, CA",msa,CA,2023-03-31,373783.91935857624,"Fresno, CA, CA",36.7377981,-119.7871247
395238,58,"Worcester, MA",msa,MA,2023-03-31,403852.3943358014,"Worcester, MA, MA",42.2625932,-71.8022934
394938,59,"Omaha, NE",msa,NE,2023-03-31,272927.21641336527,"Omaha, NE, NE",41.2565369,-95.9345034
394415,60,"Bridgeport, CT",msa,CT,2023-03-31,549178.391559369,"Bridgeport, CT, CT",41.1792258,-73.1894384
394653,61,"Greenville, SC",msa,SC,2023-03-31,269920.27159571974,"Greenville, SC, SC",34.85261759999999,-82.3940104
394312,62,"Albuquerque, NM",msa,NM,2023-03-31,309382.21805588,"Albuquerque, NM, NM",35.0843859,-106.650422
394357,63,"Bakersfield, CA",msa,CA,2023-03-31,329322.54029455,"Bakersfield, CA, CA",35.3732921,-119.0187125
394308,64,"Albany, NY",msa,NY,2023-03-31,296178.83978233964,"Albany, NY, NY",42.6525793,-73.7562317
394753,65,"Knoxville, TN",msa,TN,2023-03-31,298813.050483923,"Knoxville, TN, TN",35.9606384,-83.9207392
394367,66,"Baton Rouge, LA",msa,LA,2023-03-31,215328.36841947003,"Baton Rouge, LA, LA",30.4514677,-91.18714659999999
394843,67,"McAllen, TX",msa,TX,2023-03-31,169938.1512915558,"McAllen, TX, TX",26.2034071,-98.23001239999999
394908,68,"New Haven, CT",msa,CT,2023-03-31,327706.9967955815,"New Haven, CT, CT",41.308274,-72.9278835
394561,69,"El Paso, TX",msa,TX,2023-03-31,200659.00257707163,"El Paso, TX, TX",31.7618778,-106.4850217
394318,70,"Allentown, PA",msa,PA,2023-03-31,296037.28144177323,"Allentown, PA, PA",40.6022939,-75.4714098
394952,71,"Oxnard, CA",msa,CA,2023-03-31,800702.8674732071,"Oxnard, CA, CA",34.1975048,-119.1770516
394486,72,"Columbia, SC",msa,SC,2023-03-31,230519.69223298915,"Columbia, SC, SC",34.0007104,-81.0348144
753906,73,"North Port, FL",msa,FL,2023-03-31,460393.7250127538,"North Port, FL, FL",27.044224,-82.2359254
394457,75,"Charleston, SC",msa,SC,2023-03-31,402016.920327944,"Charleston, SC, SC",32.7764749,-79.93105120000001
394648,76,"Greensboro, NC",msa,NC,2023-03-31,229908.6915567431,"Greensboro, NC, NC",36.0726354,-79.7919754
395134,77,"Stockton, CA",msa,CA,2023-03-31,511608.79202260607,"Stockton, CA, CA",37.9577016,-121.2907796
394440,78,"Cape Coral, FL",msa,FL,2023-03-31,378261.3154271494,"Cape Coral, FL, FL",26.5628537,-81.9495331
394399,79,"Boise City, ID",msa,ID,2023-03-31,455465.59262163826,"Boise City, ID, ID",43.6150186,-116.2023137
394484,80,"Colorado Springs, CO",msa,CO,2023-03-31,453593.49274742574,"Colorado Springs, CO, CO",38.8338816,-104.8213634
394798,81,"Little Rock, AR",msa,AR,2023-03-31,196341.30493995175,"Little Rock, AR, AR",34.7444618,-92.2880157
394766,82,"Lakeland, FL",msa,FL,2023-03-31,308674.9168310096,"Lakeland, FL, FL",28.0394654,-81.9498042
394304,83,"Akron, OH",msa,OH,2023-03-31,197991.6600404572,"Akron, OH, OH",41.0814447,-81.51900529999999
394531,84,"Des Moines, IA",msa,IA,2023-03-31,261150.21422079843,"Des Moines, IA, IA",41.5868353,-93.6249593
395115,85,"Springfield, MA",msa,MA,2023-03-31,317137.1767470557,"Springfield, MA, MA",42.1014831,-72.589811
394931,87,"Ogden, UT",msa,UT,2023-03-31,475008.73236702505,"Ogden, UT, UT",41.223,-111.9738304
394816,88,"Madison, WI",msa,WI,2023-03-31,368966.3716775632,"Madison, WI, WI",43.0721661,-89.4007501
395235,89,"Winston, NC",msa,NC,2023-03-31,243271.0654874602,"Winston, NC, NC",36.1345543,-80.365865
394528,90,"Deltona, FL",msa,FL,2023-03-31,338847.8593440201,"Deltona, FL, FL",28.9005446,-81.26367379999999
395143,91,"Syracuse, NY",msa,NY,2023-03-31,196270.92683647652,"Syracuse, NY, NY",43.0481221,-76.14742439999999
395006,92,"Provo, UT",msa,UT,2023-03-31,523385.7543894982,"Provo, UT, UT",40.2338438,-111.6585337
395160,93,"Toledo, OH",msa,OH,2023-03-31,160183.91489457907,"Toledo, OH, OH",41.6528052,-83.5378674
395224,94,"Wichita, KS",msa,KS,2023-03-31,200096.5044163607,"Wichita, KS, KS",37.68717609999999,-97.33005299999999
394549,95,"Durham, NC",msa,NC,2023-03-31,383216.68038697407,"Durham, NC, NC",35.9940329,-78.898619
394352,96,"Augusta, GA",msa,GA,2023-03-31,212514.9856179052,"Augusta, GA, GA",33.4734978,-82.0105148
394957,97,"Palm Bay, FL",msa,FL,2023-03-31,352249.592017709,"Palm Bay, FL, FL",28.0344621,-80.5886646
394711,98,"Jackson, MS",msa,MS,2023-03-31,178490.77631323438,"Jackson, MS, MS",32.2987573,-90.1848103
394666,99,"Harrisburg, PA",msa,PA,2023-03-31,259176.38631369927,"Harrisburg, PA, PA",40.2731911,-76.8867008
395113,100,"Spokane, WA",msa,WA,2023-03-31,400193.48620760714,"Spokane, WA, WA",47.6587802,-117.4260466
395075,101,"Scranton, PA",msa,PA,2023-03-31,169168.79586261045,"Scranton, PA, PA",41.408969,-75.66241219999999
394460,102,"Chattanooga, TN",msa,TN,2023-03-31,266951.89952542767,"Chattanooga, TN, TN",35.0457984,-85.3093995
394871,103,"Modesto, CA",msa,CA,2023-03-31,437927.5145492686,"Modesto, CA, CA",37.6392595,-120.9970014
394768,104,"Lancaster, PA",msa,PA,2023-03-31,323015.70645393524,"Lancaster, PA, PA",40.0378755,-76.3055144
394997,105,"Portland, ME",msa,ME,2023-03-31,460662.57118706545,"Portland, ME, ME",43.6590993,-70.2568189
395245,106,"Youngstown, OH",msa,OH,2023-03-31,134833.69544828884,"Youngstown, OH, OH",41.0997803,-80.6495194
394770,107,"Lansing, MI",msa,MI,2023-03-31,211082.1120852624,"Lansing, MI, MI",42.732535,-84.5555347
394590,108,"Fayetteville, AR",msa,AR,2023-03-31,310970.98995576566,"Fayetteville, AR, AR",36.0626579,-94.16058389999999
394589,109,"Fayetteville, NC",msa,NC,2023-03-31,196132.59581513665,"Fayetteville, NC, NC",35.0523673,-78.87837739999999
394792,110,"Lexington, KY",msa,KY,2023-03-31,266708.4083453597,"Lexington, KY, KY",38.0405837,-84.5037164
394971,111,"Pensacola, FL",msa,FL,2023-03-31,292927.03823511465,"Pensacola, FL, FL",30.42130899999999,-87.2169149
395068,112,"Santa Rosa, CA",msa,CA,2023-03-31,772793.9595741602,"Santa Rosa, CA, CA",38.440429,-122.7140548
395019,113,"Reno, NV",msa,NV,2023-03-31,517603.45221628714,"Reno, NV, NV",39.529919,-119.8142691
394698,114,"Huntsville, AL",msa,AL,2023-03-31,284077.0024613391,"Huntsville, AL, AL",34.7303688,-86.5861037
394995,115,"Port St. Lucie, FL",msa,FL,2023-03-31,384446.8855903032,"Port St. Lucie, FL, FL",27.2730492,-80.3582261
394761,116,"Lafayette, LA",msa,LA,2023-03-31,175336.8345473872,"Lafayette, LA, LA",30.2240897,-92.0198427
394898,117,"Myrtle Beach, SC",msa,SC,2023-03-31,333622.0306037385,"Myrtle Beach, SC, SC",33.6890603,-78.8866943
395116,118,"Springfield, MO",msa,MO,2023-03-31,239759.24908247124,"Springfield, MO, MO",37.2089572,-93.29229889999999
395195,119,"Visalia, CA",msa,CA,2023-03-31,322655.0797727484,"Visalia, CA, CA",36.3302284,-119.2920585
394746,120,"Killeen, TX",msa,TX,2023-03-31,248821.5062950008,"Killeen, TX, TX",31.1171194,-97.72779589999999
394338,121,"Asheville, NC",msa,NC,2023-03-31,405458.931685501,"Asheville, NC, NC",35.5950581,-82.5514869
395244,122,"York, PA",msa,PA,2023-03-31,262428.8828696912,"York, PA, PA",39.9625984,-76.727745
395183,123,"Vallejo, CA",msa,CA,2023-03-31,570928.9106515053,"Vallejo, CA, CA",38.1040864,-122.2566367
753917,124,"Santa Maria, CA",msa,CA,2023-03-31,880981.9822224258,"Santa Maria, CA, CA",34.9530337,-120.4357191
395050,125,"Salinas, CA",msa,CA,2023-03-31,775237.2175013861,"Salinas, CA, CA",36.6777372,-121.6555013
395048,126,"Salem, OR",msa,OR,2023-03-31,425558.9837153806,"Salem, OR, OR",44.9428975,-123.0350963
394870,127,"Mobile, AL",msa,AL,2023-03-31,173715.33471363384,"Mobile, AL, AL",30.6953657,-88.0398912
395015,128,"Reading, PA",msa,PA,2023-03-31,260408.78790691568,"Reading, PA, PA",40.3356483,-75.9268747
394502,129,"Corpus Christi, TX",msa,TX,2023-03-31,207533.41787002896,"Corpus Christi, TX, TX",27.8005828,-97.39638099999999
394421,130,"Brownsville, TX",msa,TX,2023-03-31,156037.1216231025,"Brownsville, TX, TX",25.9017472,-97.4974838
394820,131,"Manchester, NH",msa,NH,2023-03-31,440534.7448726699,"Manchester, NH, NH",42.9956397,-71.4547891
394612,132,"Fort Wayne, IN",msa,IN,2023-03-31,217860.19716092033,"Fort Wayne, IN, IN",20.593684,78.96288
394658,133,"Gulfport, MS",msa,MS,2023-03-31,195794.98371522815,"Gulfport, MS, MS",30.3674198,-89.0928155
395051,134,"Salisbury, MD",msa,DE,2023-03-31,383455.67004529847,"Salisbury, MD, DE",38.3606736,-75.5993692
394596,135,"Flint, MI",msa,MI,2023-03-31,159265.37895266977,"Flint, MI, MI",43.0125274,-83.6874562
394972,136,"Peoria, IL",msa,IL,2023-03-31,138609.58287475057,"Peoria, IL, IL",40.6936488,-89.5889864
394439,137,"Canton, OH",msa,OH,2023-03-31,177930.6002000517,"Canton, OH, OH",40.79894729999999,-81.378447
395070,138,"Savannah, GA",msa,GA,2023-03-31,296953.11046000355,"Savannah, GA, GA",32.0808989,-81.091203
394327,139,"Anchorage, AK",msa,AK,2023-03-31,359663.3157851274,"Anchorage, AK, AK",61.2175758,-149.8996785
394372,140,"Beaumont, TX",msa,TX,2023-03-31,153333.96374452495,"Beaumont, TX, TX",30.080174,-94.1265562
395096,141,"Shreveport, LA",msa,LA,2023-03-31,148729.4036866143,"Shreveport, LA, LA",32.5251516,-93.7501789
395164,142,"Trenton, NJ",msa,NJ,2023-03-31,346859.42110526655,"Trenton, NJ, NJ",40.2205824,-74.759717
394875,143,"Montgomery, AL",msa,AL,2023-03-31,176506.47039622674,"Montgomery, AL, AL",32.3792233,-86.3077368
394520,144,"Davenport, IA",msa,IL,2023-03-31,159578.96284956494,"Davenport, IA, IL",41.5236437,-90.5776367
395146,145,"Tallahassee, FL",msa,FL,2023-03-31,259001.25291700815,"Tallahassee, FL, FL",30.4382559,-84.28073289999999
394576,146,"Eugene, OR",msa,OR,2023-03-31,441807.1026948563,"Eugene, OR, OR",44.0520691,-123.0867536
394901,147,"Naples, FL",msa,FL,2023-03-31,604510.5131048196,"Naples, FL, FL",26.1420358,-81.7948103
394332,148,"Ann Arbor, MI",msa,MI,2023-03-31,367857.6140321315,"Ann Arbor, MI, MI",42.2808256,-83.7430378
394927,149,"Ocala, FL",msa,FL,2023-03-31,274359.55122606194,"Ocala, FL, FL",29.1871986,-82.14009229999999
394679,150,"Hickory, NC",msa,NC,2023-03-31,233304.54484687312,"Hickory, NC, NC",35.7344538,-81.3444573
394697,151,"Huntington, WV",msa,OH,2023-03-31,131527.83989161535,"Huntington, WV, OH",38.4192496,-82.44515400000002
394602,152,"Fort Collins, CO",msa,CO,2023-03-31,547122.7282932658,"Fort Collins, CO, CO",40.5852602,-105.084423
395033,153,"Rockford, IL",msa,IL,2023-03-31,167064.8890478446,"Rockford, IL, IL",42.2711311,-89.0939952
394796,154,"Lincoln, NE",msa,NE,2023-03-31,271736.81292887515,"Lincoln, NE, NE",40.813616,-96.7025955
394622,155,"Gainesville, FL",msa,FL,2023-03-31,286620.94968131423,"Gainesville, FL, FL",29.6516344,-82.32482619999999
394405,156,"Boulder, CO",msa,CO,2023-03-31,739447.382714735,"Boulder, CO, CO",40.1512114,-105.5005483
394646,157,"Green Bay, WI",msa,WI,2023-03-31,260688.12090776567,"Green Bay, WI, WI",44.5133188,-88.0132958
394488,158,"Columbus, GA",msa,GA,2023-03-31,171728.69752348214,"Columbus, GA, GA",32.4609764,-84.9877094
395107,159,"South Bend, IN",msa,IN,2023-03-31,191467.37101063025,"South Bend, IN, IN",20.593684,78.96288
395109,160,"Spartanburg, SC",msa,SC,2023-03-31,247240.87449074755,"Spartanburg, SC, SC",34.9495672,-81.9320482
394645,161,"Greeley, CO",msa,CO,2023-03-31,493727.5645440144,"Greeley, CO, CO",40.4233142,-104.7091322
394808,162,"Lubbock, TX",msa,TX,2023-03-31,203236.54534627617,"Lubbock, TX, TX",33.5845617,-101.8456417
394471,163,"Clarksville, TN",msa,TN,2023-03-31,253497.44640722827,"Clarksville, TN, TN",36.5297706,-87.3594528
395028,164,"Roanoke, VA",msa,VA,2023-03-31,253973.1388143185,"Roanoke, VA, VA",37.2709704,-79.9414266
394579,165,"Evansville, IN",msa,IN,2023-03-31,191429.45260195291,"Evansville, IN, IN",37.9715592,-87.5710898
394747,167,"Kingsport, TN",msa,TN,2023-03-31,194977.3832574023,"Kingsport, TN, TN",36.548434,-82.5618186
394741,168,"Kennewick, WA",msa,WA,2023-03-31,412777.3608348505,"Kennewick, WA, WA",46.2086683,-119.119948
395179,169,"Utica, NY",msa,NY,2023-03-31,181306.2030943914,"Utica, NY, NY",43.100903,-75.232664
394660,170,"Hagerstown, MD",msa,MD,2023-03-31,276051.01681530225,"Hagerstown, MD, MD",39.6417629,-77.71999319999999
394543,171,"Duluth, MN",msa,MN,2023-03-31,209680.25344187272,"Duluth, MN, MN",46.78667189999999,-92.1004852
394937,172,"Olympia, WA",msa,WA,2023-03-31,490194.81005588453,"Olympia, WA, WA",47.0378741,-122.9006951
394803,173,"Longview, TX",msa,TX,2023-03-31,194766.14471508787,"Longview, TX, TX",32.5007037,-94.74048909999999
395229,174,"Wilmington, NC",msa,NC,2023-03-31,397817.246688263,"Wilmington, NC, NC",34.2103894,-77.8868117
395061,175,"San Luis Obispo, CA",msa,CA,2023-03-31,836853.8930934975,"San Luis Obispo, CA, CA",35.2827524,-120.6596156
753875,176,"Crestview, FL",msa,FL,2023-03-31,437466.2600685591,"Crestview, FL, FL",30.7541808,-86.5727995
394851,177,"Merced, CA",msa,CA,2023-03-31,388875.004728572,"Merced, CA, CA",37.3021632,-120.4829677
395197,178,"Waco, TX",msa,TX,2023-03-31,246756.12573872015,"Waco, TX, TX",31.549333,-97.1466695
394447,179,"Cedar Rapids, IA",msa,IA,2023-03-31,208363.56295301177,"Cedar Rapids, IA, IA",41.9778795,-91.6656232
394348,180,"Atlantic City, NJ",msa,NJ,2023-03-31,302061.2365259042,"Atlantic City, NJ, NJ",39.3642834,-74.4229266
394412,181,"Bremerton, WA",msa,WA,2023-03-31,538618.7756162215,"Bremerton, WA, WA",47.5650067,-122.6269768
395103,182,"Sioux Falls, SD",msa,SD,2023-03-31,316525.54567030695,"Sioux Falls, SD, SD",43.5460223,-96.731265
395065,183,"Santa Cruz, CA",msa,CA,2023-03-31,1106880.6941443516,"Santa Cruz, CA, CA",36.9741171,-122.0307963
394572,184,"Erie, PA",msa,PA,2023-03-31,176703.04528184413,"Erie, PA, PA",42.12922409999999,-80.085059
394924,185,"Norwich, CT",msa,CT,2023-03-31,334497.2822390547,"Norwich, CT, CT",41.5242649,-72.07591049999999
394323,186,"Amarillo, TX",msa,TX,2023-03-31,200356.2911624067,"Amarillo, TX, TX",35.2219971,-101.8312969
394772,187,"Laredo, TX",msa,TX,2023-03-31,192431.46887526673,"Laredo, TX, TX",27.5035613,-99.5075519
395171,188,"Tuscaloosa, AL",msa,AL,2023-03-31,201451.3916707683,"Tuscaloosa, AL, AL",33.2098407,-87.56917349999999
394483,189,"College Station, TX",msa,TX,2023-03-31,275901.7709757987,"College Station, TX, TX",30.627977,-96.3344068
394732,190,"Kalamazoo, MI",msa,MI,2023-03-31,237089.0406671622,"Kalamazoo, MI, MI",42.2917069,-85.5872286
394811,191,"Lynchburg, VA",msa,VA,2023-03-31,245552.5000735037,"Lynchburg, VA, VA",37.4137536,-79.14224639999999
394455,192,"Charleston, WV",msa,WV,2023-03-31,131892.31148867356,"Charleston, WV, WV",38.3498195,-81.6326234
395240,193,"Yakima, WA",msa,WA,2023-03-31,323746.77634908364,"Yakima, WA, WA",46.6020711,-120.5058987
394585,194,"Fargo, ND",msa,ND,2023-03-31,279780.1493954712,"Fargo, ND, ND",46.8771863,-96.7898034
394387,195,"Binghamton, NY",msa,NY,2023-03-31,156112.40161957906,"Binghamton, NY, NY",42.09868669999999,-75.91797380000001
394609,196,"Fort Smith, AR",msa,AR,2023-03-31,162583.83501790676,"Fort Smith, AR, AR",35.3843722,-94.42096459999999
394334,197,"Appleton, WI",msa,WI,2023-03-31,274058.91316873697,"Appleton, WI, WI",44.2619309,-88.41538469999999
395161,199,"Topeka, KS",msa,KS,2023-03-31,186760.4545463481,"Topeka, KS, KS",39.0473451,-95.67515759999999
394813,200,"Macon, GA",msa,GA,2023-03-31,160407.1809334352,"Macon, GA, GA",32.8406946,-83.6324022
395174,201,"Tyler, TX",msa,TX,2023-03-31,259926.21212897147,"Tyler, TX, TX",32.3512601,-95.30106239999999
394361,202,"Barnstable Town, MA",msa,MA,2023-03-31,653812.7057161875,"Barnstable Town, MA, MA",41.7003208,-70.3002024
394519,203,"Daphne, AL",msa,AL,2023-03-31,354946.1115565724,"Daphne, AL, AL",30.6035255,-87.9036047
394378,205,"Bellingham, WA",msa,WA,2023-03-31,571138.4274667045,"Bellingham, WA, WA",48.7519112,-122.4786854
394429,206,"Burlington, VT",msa,VT,2023-03-31,412478.5483996557,"Burlington, VT, VT",44.4758825,-73.21207199999999
395030,207,"Rochester, MN",msa,MN,2023-03-31,298946.71211886883,"Rochester, MN, MN",44.0121221,-92.4801989
753895,208,"Lafayette, IN",msa,IN,2023-03-31,230872.95268557884,"Lafayette, IN, IN",40.4167022,-86.87528689999999
394454,209,"Champaign, IL",msa,IL,2023-03-31,185487.0072937554,"Champaign, IL, IL",40.1164204,-88.2433829
394848,210,"Medford, OR",msa,OR,2023-03-31,421531.03324133577,"Medford, OR, OR",42.3265152,-122.8755949
394459,212,"Charlottesville, VA",msa,VA,2023-03-31,404822.1260647152,"Charlottesville, VA, VA",38.0293059,-78.47667810000002
394763,213,"Lake Charles, LA",msa,LA,2023-03-31,174514.43193616616,"Lake Charles, LA, LA",30.2265949,-93.2173758
394773,214,"Las Cruces, NM",msa,NM,2023-03-31,269658.8624139532,"Las Cruces, NM, NM",32.3199396,-106.7636538
394464,215,"Chico, CA",msa,CA,2023-03-31,396064.97607961454,"Chico, CA, CA",39.7284944,-121.8374777
394681,216,"Hilton Head Island, SC",msa,SC,2023-03-31,483555.88322045794,"Hilton Head Island, SC, SC",32.216316,-80.752608
394346,217,"Athens, GA",msa,GA,2023-03-31,310400.1095323523,"Athens, GA, GA",33.9519347,-83.357567
394765,218,"Lake Havasu City, AZ",msa,AZ,2023-03-31,337427.082879276,"Lake Havasu City, AZ, AZ",34.483901,-114.3224548
394485,219,"Columbia, MO",msa,MO,2023-03-31,267154.8904689198,"Columbia, MO, MO",38.9517053,-92.3340724
395114,220,"Springfield, IL",msa,IL,2023-03-31,153186.51651430913,"Springfield, IL, IL",39.78172130000001,-89.6501481
394691,221,"Houma, LA",msa,LA,2023-03-31,144125.69798528758,"Houma, LA, LA",29.5957696,-90.71953479999999
394872,222,"Monroe, LA",msa,LA,2023-03-31,158515.94044194304,"Monroe, LA, LA",32.5093109,-92.1193012
394565,223,"Elkhart, IN",msa,IN,2023-03-31,230159.94959323236,"Elkhart, IN, IN",20.593684,78.96288
394726,224,"Johnson City, TN",msa,TN,2023-03-31,221421.5850338703,"Johnson City, TN, TN",36.313439700000004,-82.3534727
395247,225,"Yuma, AZ",msa,AZ,2023-03-31,261262.73472717995,"Yuma, AZ, AZ",32.6926512,-114.6276916
394623,226,"Gainesville, GA",msa,GA,2023-03-31,352210.810739921,"Gainesville, GA, GA",34.2978794,-83.8240663
394716,227,"Jacksonville, NC",msa,NC,2023-03-31,256339.467319511,"Jacksonville, NC, NC",34.7540524,-77.4302414
394597,228,"Florence, SC",msa,SC,2023-03-31,162787.74531738556,"Florence, SC, SC",34.1954331,-79.7625625
394680,229,"Hilo, HI",msa,HI,2023-03-31,545998.8367007981,"Hilo, HI, HI",19.7216023,-155.084887
395118,230,"St. Cloud, MN",msa,MN,2023-03-31,279054.51044970925,"St. Cloud, MN, MN",45.5579451,-94.16324039999999
395011,231,"Racine, WI",msa,WI,2023-03-31,240559.41064053637,"Racine, WI, WI",42.7261309,-87.78285230000002
394380,232,"Bend, OR",msa,OR,2023-03-31,614308.6417029911,"Bend, OR, OR",44.0581728,-121.3153096
395047,233,"Saginaw, MI",msa,MI,2023-03-31,141968.10063714624,"Saginaw, MI, MI",43.4194699,-83.9508068
395202,234,"Warner Robins, GA",msa,GA,2023-03-31,219017.1134741608,"Warner Robins, GA, GA",32.6130007,-83.624201
395151,235,"Terre Haute, IN",msa,IN,2023-03-31,138796.02477057782,"Terre Haute, IN, IN",20.593684,78.96288
395162,236,"Torrington, CT",msa,CT,2023-03-31,344652.31731534906,"Torrington, CT, CT",41.8003049,-73.1211715
395009,237,"Punta Gorda, FL",msa,FL,2023-03-31,358409.58830103994,"Punta Gorda, FL, FL",26.9297836,-82.0453664
394386,239,"Billings, MT",msa,MT,2023-03-31,373352.9396919252,"Billings, MT, MT",45.7832856,-108.5006904
395018,240,"Redding, CA",msa,CA,2023-03-31,361643.0062333927,"Redding, CA, CA",40.5865396,-122.3916754
394748,241,"Kingston, NY",msa,NY,2023-03-31,368297.92926243314,"Kingston, NY, NY",41.9270367,-73.9973608
394960,242,"Panama City, FL",msa,FL,2023-03-31,347048.0699138043,"Panama City, FL, FL",30.1588129,-85.6602058
394729,243,"Joplin, MO",msa,MO,2023-03-31,194532.8784105431,"Joplin, MO, MO",37.08422710000001,-94.51328099999999
394539,244,"Dover, DE",msa,DE,2023-03-31,326133.6201853249,"Dover, DE, DE",39.158168,-75.5243682
394559,245,"El Centro, CA",msa,CA,2023-03-31,300034.74460024486,"El Centro, CA, CA",32.792,-115.5630514
394712,246,"Jackson, TN",msa,TN,2023-03-31,166508.56107243837,"Jackson, TN, TN",35.6145169,-88.81394689999999
395246,247,"Yuba City, CA",msa,CA,2023-03-31,407754.0342230207,"Yuba City, CA, CA",39.1404477,-121.6169108
394406,248,"Bowling Green, KY",msa,KY,2023-03-31,226177.08283208223,"Bowling Green, KY, KY",36.9685219,-86.4808043
395119,249,"St. George, UT",msa,UT,2023-03-31,514020.3756428556,"St. George, UT, UT",37.0965278,-113.5684164
394896,250,"Muskegon, MI",msa,MI,2023-03-31,205928.59867949304,"Muskegon, MI, MI",43.2341813,-86.24839209999999
394299,251,"Abilene, TX",msa,TX,2023-03-31,174359.64198608705,"Abilene, TX, TX",32.4487364,-99.73314390000002
394707,252,"Iowa City, IA",msa,IA,2023-03-31,270429.4618399257,"Iowa City, IA, IA",41.6578257,-91.53461689999999
394351,253,"Auburn, AL",msa,AL,2023-03-31,279861.1935705826,"Auburn, AL, AL",32.6098566,-85.48078249999999
394860,254,"Midland, TX",msa,TX,2023-03-31,280181.6243421641,"Midland, TX, TX",31.9973456,-102.0779146
753869,255,"Bloomington, IL",msa,IL,2023-03-31,206352.29148935576,"Bloomington, IL, IL",40.4842027,-88.99368729999999
394671,255,"Hattiesburg, MS",msa,MS,2023-03-31,184109.07359620335,"Hattiesburg, MS, MS",31.3271189,-89.29033919999999
394944,257,"Oshkosh, WI",msa,WI,2023-03-31,247509.110223701,"Oshkosh, WI, WI",44.0247062,-88.5426136
394555,258,"Eau Claire, WI",msa,WI,2023-03-31,265595.13252086885,"Eau Claire, WI, WI",44.811349,-91.4984941
394651,259,"Greenville, NC",msa,NC,2023-03-31,224257.61814594697,"Greenville, NC, NC",35.612661,-77.3663538
394428,260,"Burlington, NC",msa,NC,2023-03-31,264114.7818038396,"Burlington, NC, NC",36.0959762,-79.43724569999999
395210,261,"Waterloo, IA",msa,IA,2023-03-31,172145.98429357566,"Waterloo, IA, IA",42.492786,-92.34257749999999
394480,262,"Coeur d'Alene, ID",msa,ID,2023-03-31,541985.8940980752,"Coeur d'Alene, ID, ID",47.6734632,-116.7812225
394553,263,"East Stroudsburg, PA",msa,PA,2023-03-31,279701.9546711927,"East Stroudsburg, PA, PA",41.0030522,-75.1817547
395007,264,"Pueblo, CO",msa,CO,2023-03-31,286855.23596346285,"Pueblo, CO, CO",38.2528534,-104.4723301
394392,265,"Blacksburg, VA",msa,VA,2023-03-31,244082.8270735549,"Blacksburg, VA, VA",37.2295733,-80.4139393
395215,266,"Wausau, WI",msa,WI,2023-03-31,194421.9628642391,"Wausau, WI, WI",44.9591352,-89.6301221
394731,267,"Kahului, HI",msa,HI,2023-03-31,975525.5447077616,"Kahului, HI, HI",20.8893016,-156.4728725
394720,268,"Janesville, WI",msa,WI,2023-03-31,228165.37617004485,"Janesville, WI, WI",42.6827885,-89.0187222
395170,269,"Tupelo, MS",msa,MS,2023-03-31,152508.06542365038,"Tupelo, MS, MS",34.2576066,-88.7033859
394393,270,"Bloomington, IN",msa,IN,2023-03-31,273773.47619331843,"Bloomington, IN, IN",39.165325,-86.52638569999999
394930,271,"Odessa, TX",msa,TX,2023-03-31,195271.6873846329,"Odessa, TX, TX",31.8456816,-102.3676431
394710,272,"Jackson, MI",msa,MI,2023-03-31,190563.2744629724,"Jackson, MI, MI",42.245869,-84.40134619999999
395125,273,"State College, PA",msa,PA,2023-03-31,310912.6211443134,"State College, PA, PA",40.7933949,-77.8600012
395079,274,"Sebastian, FL",msa,FL,2023-03-31,374738.4739752235,"Sebastian, FL, FL",27.816415,-80.4706078
394814,275,"Madera, CA",msa,CA,2023-03-31,386211.585664816,"Madera, CA, CA",36.9613356,-120.0607176
394523,276,"Decatur, AL",msa,AL,2023-03-31,194434.16518366348,"Decatur, AL, AL",34.6059253,-86.9833417
394453,277,"Chambersburg, PA",msa,PA,2023-03-31,245455.81356668225,"Chambersburg, PA, PA",39.9375911,-77.6611022
395193,278,"Vineland, NJ",msa,NJ,2023-03-31,207970.9648101218,"Vineland, NJ, NJ",39.4863773,-75.02596369999999
394703,279,"Idaho Falls, ID",msa,ID,2023-03-31,374138.7790718067,"Idaho Falls, ID, ID",43.49266069999999,-112.0407584
394639,280,"Grand Junction, CO",msa,CO,2023-03-31,374766.30593086785,"Grand Junction, CO, CO",39.0638705,-108.5506486
394563,281,"Elizabethtown, KY",msa,KY,2023-03-31,206955.66235139905,"Elizabethtown, KY, KY",37.7030646,-85.8649408
394917,282,"Niles, MI",msa,MI,2023-03-31,228870.27481347544,"Niles, MI, MI",41.829769400000004,-86.2541768
394873,283,"Monroe, MI",msa,MI,2023-03-31,223825.63976529616,"Monroe, MI, MI",41.9738893,-83.5070203
395066,284,"Santa Fe, NM",msa,NM,2023-03-31,501900.40708456066,"Santa Fe, NM, NM",35.6869752,-105.937799
394493,285,"Concord, NH",msa,NH,2023-03-31,401299.0558400933,"Concord, NH, NH",43.2081366,-71.5375718
394314,286,"Alexandria, LA",msa,LA,2023-03-31,145793.4998243746,"Alexandria, LA, LA",31.3112936,-92.4451371
395163,287,"Traverse City, MI",msa,MI,2023-03-31,343417.6029290852,"Traverse City, MI, MI",44.7630567,-85.62063169999999
394359,288,"Bangor, ME",msa,ME,2023-03-31,235612.6769815775,"Bangor, ME, ME",44.8016128,-68.7712257
394685,289,"Homosassa Springs, FL",msa,FL,2023-03-31,277192.0547039164,"Homosassa Springs, FL, FL",28.8037059,-82.5761369
394662,290,"Hanford, CA",msa,CA,2023-03-31,324886.5917683965,"Hanford, CA, CA",36.3274502,-119.6456844
394723,291,"Jefferson City, MO",msa,MO,2023-03-31,220583.1912808698,"Jefferson City, MO, MO",38.57670170000001,-92.1735164
394598,292,"Florence, AL",msa,AL,2023-03-31,176566.4961967573,"Florence, AL, AL",34.79981,-87.677251
394537,293,"Dothan, AL",msa,AL,2023-03-31,159773.31577214028,"Dothan, AL, AL",31.2232313,-85.3904888
394802,294,"London, KY",msa,KY,2023-03-31,132876.7450012268,"London, KY, KY",37.1289771,-84.08326459999999
394306,295,"Albany, GA",msa,GA,2023-03-31,143909.09028888255,"Albany, GA, GA",31.5785074,-84.15574099999999
395102,297,"Sioux City, IA",msa,IA,2023-03-31,188488.26754755745,"Sioux City, IA, IA",42.4963416,-96.40494079999999
395223,298,"Wichita Falls, TX",msa,TX,2023-03-31,152967.68493681922,"Wichita Falls, TX, TX",33.9137085,-98.4933873
395152,299,"Texarkana, TX",msa,TX,2023-03-31,147024.01496143872,"Texarkana, TX, TX",33.425125,-94.04768820000001
395182,300,"Valdosta, GA",msa,GA,2023-03-31,179506.9019579409,"Valdosta, GA, GA",30.8327022,-83.2784851
394800,301,"Logan, UT",msa,UT,2023-03-31,429939.56726557034,"Logan, UT, UT",41.7369803,-111.8338359
394595,302,"Flagstaff, AZ",msa,AZ,2023-03-31,583364.8056058375,"Flagstaff, AZ, AZ",35.1982836,-111.651302
395036,303,"Rocky Mount, NC",msa,NC,2023-03-31,184892.44726733497,"Rocky Mount, NC, NC",35.9382103,-77.7905339
395000,304,"Pottsville, PA",msa,PA,2023-03-31,111928.96172198089,"Pottsville, PA, PA",40.6856456,-76.195499
394515,305,"Dalton, GA",msa,GA,2023-03-31,202783.88506978017,"Dalton, GA, GA",34.7698021,-84.9702228
394783,306,"Lebanon, PA",msa,PA,2023-03-31,264487.6203428616,"Lebanon, PA, PA",40.3409251,-76.4113497
394880,307,"Morristown, TN",msa,TN,2023-03-31,225705.9051667599,"Morristown, TN, TN",36.2139814,-83.29489219999999
395232,308,"Winchester, VA",msa,VA,2023-03-31,336493.5240900362,"Winchester, VA, VA",39.1856597,-78.1633341
395221,309,"Wheeling, WV",msa,OH,2023-03-31,124541.10605548664,"Wheeling, WV, OH",40.0639616,-80.7209149
394879,310,"Morgantown, WV",msa,WV,2023-03-31,208470.23919202975,"Morgantown, WV, WV",39.629526,-79.95589679999999
394756,311,"La Crosse, WI",msa,WI,2023-03-31,258439.8810342019,"La Crosse, WI, WI",43.8137751,-91.25190169999999
394900,312,"Napa, CA",msa,CA,2023-03-31,877019.576904857,"Napa, CA, CA",38.2975381,-122.286865
395013,313,"Rapid City, SD",msa,SD,2023-03-31,330393.9672900512,"Rapid City, SD, SD",44.0805434,-103.2310149
395139,314,"Sumter, SC",msa,SC,2023-03-31,159857.77011132136,"Sumter, SC, SC",33.9204354,-80.3414693
394577,315,"Eureka, CA",msa,CA,2023-03-31,405120.2030170496,"Eureka, CA, CA",40.8020712,-124.1636729
395117,316,"Springfield, OH",msa,OH,2023-03-31,164921.29116746332,"Springfield, OH, OH",39.9242266,-83.8088171
394668,317,"Harrisonburg, VA",msa,VA,2023-03-31,300628.9414006327,"Harrisonburg, VA, VA",38.4495688,-78.8689155
394368,318,"Battle Creek, MI",msa,MI,2023-03-31,152199.429419689,"Battle Creek, MI, MI",42.3211522,-85.17971419999999
395094,319,"Sherman, TX",msa,TX,2023-03-31,258461.37206116892,"Sherman, TX, TX",33.6356618,-96.6088805
394821,320,"Manhattan, KS",msa,KS,2023-03-31,242936.48135185303,"Manhattan, KS, KS",39.18360819999999,-96.57166939999999
394442,321,"Carbondale, IL",msa,IL,2023-03-31,113811.69656037028,"Carbondale, IL, IL",37.7272727,-89.2167501
394727,322,"Johnstown, PA",msa,PA,2023-03-31,80610.71884202813,"Johnstown, PA, PA",40.32674069999999,-78.9219698
394728,323,"Jonesboro, AR",msa,AR,2023-03-31,173803.08723673466,"Jonesboro, AR, AR",35.835696,-90.7051346
394390,324,"Bismarck, ND",msa,ND,2023-03-31,315681.3577250666,"Bismarck, ND, ND",46.8054947,-100.7876931
394661,325,"Hammond, LA",msa,LA,2023-03-31,184341.6445576028,"Hammond, LA, LA",30.5043583,-90.46119949999999
394983,326,"Pittsfield, MA",msa,MA,2023-03-31,331705.4846239796,"Pittsfield, MA, MA",42.4500845,-73.2453824
394890,327,"Mount Vernon, WA",msa,WA,2023-03-31,532835.4153934767,"Mount Vernon, WA, WA",48.4201105,-122.3374542
394719,328,"Jamestown, NY",msa,NY,2023-03-31,145306.0348127383,"Jamestown, NY, NY",42.0970023,-79.23532589999999
395153,329,"The Villages, FL",msa,FL,2023-03-31,409032.55960219406,"The Villages, FL, FL",28.927019,-82.0037608
394307,330,"Albany, OR",msa,OR,2023-03-31,390298.1415660818,"Albany, OR, OR",44.6365107,-123.1059282
394633,331,"Glens Falls, NY",msa,NY,2023-03-31,250591.55680348445,"Glens Falls, NY, NY",43.3095164,-73.6440058
394780,332,"Lawton, OK",msa,OK,2023-03-31,126730.28561634192,"Lawton, OK, OK",34.6035669,-98.39592909999999
394474,334,"Cleveland, TN",msa,TN,2023-03-31,251123.0179689524,"Cleveland, TN, TN",35.1595182,-84.8766115
395098,335,"Sierra Vista, AZ",msa,AZ,2023-03-31,234060.30552248677,"Sierra Vista, AZ, AZ",31.5455001,-110.2772856
394325,336,"Ames, IA",msa,IA,2023-03-31,250168.8055076797,"Ames, IA, IA",42.0307812,-93.63191309999999
394824,337,"Mansfield, OH",msa,OH,2023-03-31,159941.72696917906,"Mansfield, OH, OH",40.75839,-82.5154471
395128,338,"Staunton, VA",msa,VA,2023-03-31,285269.72460533417,"Staunton, VA, VA",38.149576,-79.0716958
394353,339,"Augusta, ME",msa,ME,2023-03-31,270569.3113868428,"Augusta, ME, ME",44.3106241,-69.7794897
394321,340,"Altoona, PA",msa,PA,2023-03-31,138190.1674238101,"Altoona, PA, PA",40.5186809,-78.3947359
394905,341,"New Bern, NC",msa,NC,2023-03-31,228938.15087065703,"New Bern, NC, NC",35.108493,-77.04411429999999
394588,342,"Farmington, NM",msa,NM,2023-03-31,214790.8303512504,"Farmington, NM, NM",36.72805830000001,-108.2186856
395120,343,"St. Joseph, MO",msa,MO,2023-03-31,157945.4076135284,"St. Joseph, MO, MO",39.7674578,-94.84668099999999
395054,344,"San Angelo, TX",msa,TX,2023-03-31,204737.50473199735,"San Angelo, TX, TX",31.4637723,-100.4370375
395218,345,"Wenatchee, WA",msa,WA,2023-03-31,467353.72908493184,"Wenatchee, WA, WA",47.4234599,-120.3103494
394949,346,"Owensboro, KY",msa,KY,2023-03-31,183476.25455048203,"Owensboro, KY, KY",37.7719074,-87.1111676
753890,347,"Holland, MI",msa,MI,2023-03-31,278185.31840318255,"Holland, MI, MI",42.7875235,-86.1089301
394810,348,"Lumberton, NC",msa,NC,2023-03-31,116362.1264016654,"Lumberton, NC, NC",34.6182199,-79.0086424
394778,349,"Lawrence, KS",msa,KS,2023-03-31,285553.05401444697,"Lawrence, KS, KS",38.9716689,-95.2352501
394635,350,"Goldsboro, NC",msa,NC,2023-03-31,144142.38493378865,"Goldsboro, NC, NC",35.3848841,-77.9927651
395213,351,"Watertown, NY",msa,NY,2023-03-31,187445.1008441594,"Watertown, NY, NY",43.9747838,-75.91075649999999
395089,352,"Sheboygan, WI",msa,WI,2023-03-31,237551.81886224312,"Sheboygan, WI, WI",43.7508284,-87.71453
395217,353,"Weirton, WV",msa,OH,2023-03-31,117059.39388917766,"Weirton, WV, OH",40.41895660000001,-80.58951669999999
394867,354,"Missoula, MT",msa,MT,2023-03-31,510851.6457749403,"Missoula, MT, MT",46.8721284,-113.9940314
395237,355,"Wooster, OH",msa,OH,2023-03-31,311837.58382946096,"Wooster, OH, OH",40.8050565,-81.935143
394407,356,"Bozeman, MT",msa,MT,2023-03-31,621882.6950026731,"Bozeman, MT, MT",45.6814733,-111.0319925
394333,357,"Anniston, AL",msa,AL,2023-03-31,137564.29988787,"Anniston, AL, AL",33.6598257,-85.8316318
394374,358,"Beckley, WV",msa,WV,2023-03-31,112756.4085665814,"Beckley, WV, WV",37.7781702,-81.1881557
395225,359,"Williamsport, PA",msa,PA,2023-03-31,205145.26583924887,"Williamsport, PA, PA",41.2411897,-77.00107860000001
394423,360,"Brunswick, GA",msa,GA,2023-03-31,273120.8961354433,"Brunswick, GA, GA",31.1499528,-81.49148939999999
753872,361,"California, MD",msa,MD,2023-03-31,375010.3375236304,"California, MD, MD",38.3004029,-76.5074542
395173,361,"Twin Falls, ID",msa,ID,2023-03-31,345956.89592285315,"Twin Falls, ID, ID",42.5558381,-114.4700518
394495,363,"Cookeville, TN",msa,TN,2023-03-31,245879.31192824515,"Cookeville, TN, TN",36.162839,-85.5016423
394893,364,"Muncie, IN",msa,IN,2023-03-31,138264.26426744988,"Muncie, IN, IN",20.593684,78.96288
394857,365,"Michigan City, IN",msa,IN,2023-03-31,216818.72921429915,"Michigan City, IN, IN",41.70753939999999,-86.8950297
395039,366,"Roseburg, OR",msa,OR,2023-03-31,329200.93081579875,"Roseburg, OR, OR",43.216505,-123.3417381
394788,367,"Lewiston, ME",msa,ME,2023-03-31,280050.9823119176,"Lewiston, ME, ME",44.100351,-70.21477639999999
394804,368,"Longview, WA",msa,WA,2023-03-31,387380.3360494794,"Longview, WA, WA",46.1381676,-122.9381672
394932,369,"Ogdensburg, NY",msa,NY,2023-03-31,123672.88304164504,"Ogdensburg, NY, NY",44.6942291,-75.48633640000001
394734,370,"Kankakee, IL",msa,IL,2023-03-31,172602.16461496014,"Kankakee, IL, IL",41.1200325,-87.8611531
394396,371,"Bluefield, WV",msa,VA,2023-03-31,121474.68993761204,"Bluefield, WV, VA",37.1971763,-81.38393260000001
395095,372,"Show Low, AZ",msa,AZ,2023-03-31,362631.6020143044,"Show Low, AZ, AZ",34.2542084,-110.0298327
395023,373,"Richmond, KY",msa,KY,2023-03-31,205257.88950618965,"Richmond, KY, KY",37.7478572,-84.2946539
395168,374,"Tullahoma, TN",msa,TN,2023-03-31,255627.0701522616,"Tullahoma, TN, TN",35.3620235,-86.20943419999999
395222,375,"Whitewater, WI",msa,WI,2023-03-31,313794.7559211399,"Whitewater, WI, WI",42.83362049999999,-88.7323272
394709,376,"Ithaca, NY",msa,NY,2023-03-31,301607.69685469475,"Ithaca, NY, NY",42.4439614,-76.5018807
394637,377,"Grand Forks, ND",msa,MN,2023-03-31,231048.24095464408,"Grand Forks, ND, MN",47.9252568,-97.0328547
394524,378,"Decatur, IL",msa,IL,2023-03-31,90889.82794604836,"Decatur, IL, IL",39.8403147,-88.9548001
394762,379,"LaGrange, GA",msa,GA,2023-03-31,163177.37068094753,"LaGrange, GA, GA",33.0362218,-85.0322444
394369,380,"Bay City, MI",msa,MI,2023-03-31,141644.04226619253,"Bay City, MI, MI",43.5944677,-83.8888647
394599,381,"Fond du Lac, WI",msa,WI,2023-03-31,217968.04615302593,"Fond du Lac, WI, WI",43.7730448,-88.4470508
394630,382,"Gettysburg, PA",msa,PA,2023-03-31,283039.3475049247,"Gettysburg, PA, PA",39.8309293,-77.2310955
394620,383,"Gadsden, AL",msa,AL,2023-03-31,139428.75302910668,"Gadsden, AL, AL",34.014264,-86.0066386
394733,384,"Kalispell, MT",msa,MT,2023-03-31,578970.7811190259,"Kalispell, MT, MT",48.1919889,-114.3168131
394518,385,"Danville, VA",msa,VA,2023-03-31,132125.75382895616,"Danville, VA, VA",36.5859718,-79.39502279999999
394823,386,"Mankato, MN",msa,MN,2023-03-31,276761.41905319685,"Mankato, MN, MN",44.1635775,-93.99939959999999
394794,387,"Lima, OH",msa,OH,2023-03-31,158328.85174847257,"Lima, OH, OH",40.742551,-84.1052256
753915,388,"Salem, OH",msa,OH,2023-03-31,131875.96522091425,"Salem, OH, OH",40.9008923,-80.8567501
395166,389,"Truckee, CA",msa,CA,2023-03-31,601578.1051144857,"Truckee, CA, CA",39.327962,-120.1832533
395080,390,"Sebring, FL",msa,FL,2023-03-31,233734.05127862017,"Sebring, FL, FL",27.495592,-81.440907
394462,391,"Cheyenne, WY",msa,WY,2023-03-31,349697.3448534135,"Cheyenne, WY, WY",41.1399814,-104.8202462
394689,392,"Hot Springs, AR",msa,AR,2023-03-31,229184.0285488765,"Hot Springs, AR, AR",34.5077615,-93.05460029999999
394302,393,"Adrian, MI",msa,MI,2023-03-31,199879.4977772195,"Adrian, MI, MI",41.8975471,-84.03716589999999
395090,394,"Shelby, NC",msa,NC,2023-03-31,151145.3511958515,"Shelby, NC, NC",35.2923513,-81.5356463
394542,396,"Dubuque, IA",msa,IA,2023-03-31,236883.7052290442,"Dubuque, IA, IA",42.506348,-90.6677347
394852,397,"Meridian, MS",msa,MS,2023-03-31,112382.04792918924,"Meridian, MS, MS",32.3643098,-88.703656
753912,398,"Pinehurst, NC",msa,NC,2023-03-31,380962.3910306484,"Pinehurst, NC, NC",35.1954345,-79.4694767
394953,399,"Paducah, KY",msa,KY,2023-03-31,134817.16720596468,"Paducah, KY, KY",37.0833893,-88.6000478
395190,400,"Victoria, TX",msa,TX,2023-03-31,204794.593146597,"Victoria, TX, TX",28.8052674,-97.0035982
395038,401,"Rome, GA",msa,GA,2023-03-31,193018.2941101872,"Rome, GA, GA",34.257038,-85.1646726
395086,402,"Sevierville, TN",msa,TN,2023-03-31,396820.43039921095,"Sevierville, TN, TN",35.8681455,-83.56183500000002
394882,403,"Moses Lake, WA",msa,WA,2023-03-31,341403.4722515059,"Moses Lake, WA, WA",47.1981147,-119.3732456
394340,404,"Ashtabula, OH",msa,OH,2023-03-31,155221.10192758596,"Ashtabula, OH, OH",41.7820827,-80.7214417
394441,405,"Cape Girardeau, MO",msa,MO,2023-03-31,197947.9878790028,"Cape Girardeau, MO, MO",37.3058839,-89.51814759999999
394311,406,"Albertville, AL",msa,AL,2023-03-31,195588.56465157904,"Albertville, AL, AL",34.2675937,-86.20886689999999
394580,407,"Fairbanks, AK",msa,AK,2023-03-31,281403.6021607337,"Fairbanks, AK, AK",64.8400511,-147.7199756
394410,408,"Brainerd, MN",msa,MN,2023-03-31,305035.02179439756,"Brainerd, MN, MN",46.3526733,-94.2020084
394513,409,"Cumberland, MD",msa,MD,2023-03-31,136952.56208376752,"Cumberland, MD, MD",39.6528654,-78.7625185
394928,410,"Ocean City, NJ",msa,NJ,2023-03-31,609224.6190057688,"Ocean City, NJ, NJ",39.2776156,-74.5746001
394505,411,"Corvallis, OR",msa,OR,2023-03-31,511360.1252985128,"Corvallis, OR, OR",44.5645659,-123.2620435
394988,412,"Pocatello, ID",msa,ID,2023-03-31,317307.4207504734,"Pocatello, ID, ID",42.8621042,-112.4506191
394501,413,"Corning, NY",msa,NY,2023-03-31,145648.19725867853,"Corning, NY, NY",42.1428521,-77.05469029999999
394911,414,"New Philadelphia, OH",msa,OH,2023-03-31,181938.3907548063,"New Philadelphia, OH, OH",40.4897871,-81.4456706
395140,415,"Sunbury, PA",msa,PA,2023-03-31,109330.80640829494,"Sunbury, PA, PA",40.862585,-76.79441039999999
395175,416,"Ukiah, CA",msa,CA,2023-03-31,462322.12693063467,"Ukiah, CA, CA",36.778261,-119.4179324
753887,417,"Hermiston, OR",msa,OR,2023-03-31,284466.71574893297,"Hermiston, OR, OR",45.8404101,-119.2894605
394469,418,"Clarksburg, WV",msa,WV,2023-03-31,140960.47777376787,"Clarksburg, WV, WV",39.2806451,-80.34453409999999
394964,419,"Parkersburg, WV",msa,WV,2023-03-31,151321.5275286061,"Parkersburg, WV, WV",39.2667418,-81.56151349999999
394373,420,"Beaver Dam, WI",msa,WI,2023-03-31,237043.45070483047,"Beaver Dam, WI, WI",43.4577692,-88.837329
394980,421,"Pine Bluff, AR",msa,AR,2023-03-31,82281.05051561416,"Pine Bluff, AR, AR",34.224908,-92.0033977
394641,422,"Grants Pass, OR",msa,OR,2023-03-31,381318.0943644822,"Grants Pass, OR, OR",42.3447572,-123.4568737
394511,424,"Cullman, AL",msa,AL,2023-03-31,213325.35574578735,"Cullman, AL, AL",34.1748208,-86.8436124
394809,425,"Lufkin, TX",msa,TX,2023-03-31,166468.05367969073,"Lufkin, TX, TX",31.3345562,-94.7321127
395248,426,"Zanesville, OH",msa,OH,2023-03-31,166826.69684175085,"Zanesville, OH, OH",39.9478393,-81.9534815
394907,427,"New Castle, PA",msa,PA,2023-03-31,140301.1927878931,"New Castle, PA, PA",41.0036719,-80.34700900000001
394925,428,"Oak Harbor, WA",msa,WA,2023-03-31,565904.8687679401,"Oak Harbor, WA, WA",48.28829469999999,-122.6484205
394942,429,"Orangeburg, SC",msa,SC,2023-03-31,119363.85895056202,"Orangeburg, SC, SC",33.4918203,-80.8556476
395212,430,"Watertown, WI",msa,WI,2023-03-31,276916.8974631385,"Watertown, WI, WI",43.1947211,-88.7289918
394847,431,"Meadville, PA",msa,PA,2023-03-31,127668.15850584232,"Meadville, PA, PA",41.6414438,-80.15144839999999
394568,432,"Elmira, NY",msa,NY,2023-03-31,137917.6481123564,"Elmira, NY, NY",42.0897965,-76.8077338
394644,433,"Great Falls, MT",msa,MT,2023-03-31,288667.0714538752,"Great Falls, MT, MT",47.5052849,-111.3007715
394776,434,"Laurel, MS",msa,MS,2023-03-31,126521.99007059872,"Laurel, MS, MS",31.6940509,-89.1306124
395042,435,"Russellville, AR",msa,AR,2023-03-31,158945.88984733322,"Russellville, AR, AR",35.278116,-93.13370069999999
394704,436,"Indiana, PA",msa,PA,2023-03-31,141037.250240365,"Indiana, PA, PA",40.6214551,-79.15253489999999
394859,437,"Midland, MI",msa,MI,2023-03-31,190854.7058961845,"Midland, MI, MI",43.6155825,-84.2472116
394755,438,"Kokomo, IN",msa,IN,2023-03-31,154582.24096196404,"Kokomo, IN, IN",20.593684,78.96288
394395,439,"Bloomsburg, PA",msa,PA,2023-03-31,198989.01823245265,"Bloomsburg, PA, PA",41.003698,-76.4549457
394941,440,"Opelousas, LA",msa,LA,2023-03-31,92367.48402051863,"Opelousas, LA, LA",30.5335302,-92.081509
394675,441,"Helena, MT",msa,MT,2023-03-31,425492.9428590888,"Helena, MT, MT",46.5891452,-112.0391057
394744,442,"Key West, FL",msa,FL,2023-03-31,962511.3008745746,"Key West, FL, FL",24.5550593,-81.7799871
395145,443,"Talladega, AL",msa,AL,2023-03-31,156716.49906082134,"Talladega, AL, AL",33.4359416,-86.1058048
395133,444,"Stillwater, OK",msa,OK,2023-03-31,195106.32864841228,"Stillwater, OK, OK",36.1156071,-97.0583681
394489,445,"Columbus, IN",msa,IN,2023-03-31,238556.51682186185,"Columbus, IN, IN",39.2014404,-85.9213796
394345,446,"Athens, TX",msa,TX,2023-03-31,259030.85003680905,"Athens, TX, TX",32.2048735,-95.8555207
394452,447,"Centralia, WA",msa,WA,2023-03-31,398921.18705819687,"Centralia, WA, WA",46.7162136,-122.9542972
394822,448,"Manitowoc, WI",msa,WI,2023-03-31,201228.97970016464,"Manitowoc, WI, WI",44.0886059,-87.657584
394682,449,"Hinesville, GA",msa,GA,2023-03-31,212985.9201563532,"Hinesville, GA, GA",31.8315028,-81.6141099
394541,450,"DuBois, PA",msa,PA,2023-03-31,91095.73073187307,"DuBois, PA, PA",41.1210115,-78.7583257
395205,451,"Warsaw, IN",msa,IN,2023-03-31,249997.63945144537,"Warsaw, IN, IN",20.593684,78.96288
394986,452,"Plattsburgh, NY",msa,NY,2023-03-31,191687.2098893012,"Plattsburgh, NY, NY",44.6994873,-73.4529124
395126,453,"Statesboro, GA",msa,GA,2023-03-31,225541.1739527794,"Statesboro, GA, GA",32.4487876,-81.7831674
394445,454,"Casper, WY",msa,WY,2023-03-31,269237.26949404203,"Casper, WY, WY",42.84870900000001,-106.2980824
395231,455,"Wilson, NC",msa,NC,2023-03-31,188079.65460605916,"Wilson, NC, NC",35.7258286,-77.91112369999999
753881,456,"Glenwood Springs, CO",msa,CO,2023-03-31,813525.7461321844,"Glenwood Springs, CO, CO",39.5505376,-107.3247762
395085,457,"Seneca, SC",msa,SC,2023-03-31,249104.74844712997,"Seneca, SC, SC",34.6856555,-82.9532036
394866,458,"Minot, ND",msa,ND,2023-03-31,229858.11018699055,"Minot, ND, ND",48.2329668,-101.2922906
394936,459,"Olean, NY",msa,NY,2023-03-31,130657.92358234889,"Olean, NY, NY",42.083639,-78.42992699999999
394465,460,"Chillicothe, OH",msa,OH,2023-03-31,167450.59209086743,"Chillicothe, OH, OH",39.3584253,-82.99316069999999
395077,461,"Searcy, AR",msa,AR,2023-03-31,163839.31157441967,"Searcy, AR, AR",35.2437536,-91.7364422
394638,462,"Grand Island, NE",msa,NE,2023-03-31,219180.23965959344,"Grand Island, NE, NE",40.9263957,-98.3420118
394994,463,"Port Angeles, WA",msa,WA,2023-03-31,459184.8729859285,"Port Angeles, WA, WA",48.118146,-123.4307413
394350,464,"Auburn, NY",msa,NY,2023-03-31,180382.45197469371,"Auburn, NY, NY",42.9317335,-76.5660529
394699,465,"Huntsville, TX",msa,TX,2023-03-31,256311.70535799884,"Huntsville, TX, TX",30.7235263,-95.55077709999999
394738,466,"Keene, NH",msa,NH,2023-03-31,322845.658159961,"Keene, NH, NH",42.933692,-72.2781409
394674,467,"Heber, UT",msa,UT,2023-03-31,971164.6815393522,"Heber, UT, UT",40.5070087,-111.4133234
395010,468,"Quincy, IL",msa,IL,2023-03-31,149141.82154590767,"Quincy, IL, IL",39.9356016,-91.4098726
395062,469,"Sandusky, OH",msa,OH,2023-03-31,198326.02967913033,"Sandusky, OH, OH",41.4561754,-82.71168209999999
394593,470,"Findlay, OH",msa,OH,2023-03-31,207005.0207467015,"Findlay, OH, OH",41.04422,-83.6499321
394614,471,"Frankfort, KY",msa,KY,2023-03-31,200808.156786046,"Frankfort, KY, KY",38.2009055,-84.87328350000001
394516,472,"Danville, IL",msa,IL,2023-03-31,70118.79840342731,"Danville, IL, IL",40.124481,-87.6300207
394298,473,"Aberdeen, WA",msa,WA,2023-03-31,296110.171454419,"Aberdeen, WA, WA",46.9753708,-123.8157218
394999,474,"Portsmouth, OH",msa,OH,2023-03-31,111821.13266129374,"Portsmouth, OH, OH",38.7317431,-82.9976742
395106,475,"Somerset, PA",msa,PA,2023-03-31,151280.54550091128,"Somerset, PA, PA",40.008411,-79.0780831
753928,476,"Wisconsin Rapids, WI",msa,WI,2023-03-31,169452.42504439972,"Wisconsin Rapids, WI, WI",44.38357630000001,-89.8173465
753893,477,"Jefferson, GA",msa,GA,2023-03-31,359313.8897327105,"Jefferson, GA, GA",34.1170537,-83.5723876
394736,478,"Kapaa, HI",msa,HI,2023-03-31,897014.7006409448,"Kapaa, HI, HI",22.0947394,-159.3245926
394955,479,"Palatka, FL",msa,FL,2023-03-31,179001.39213044,"Palatka, FL, FL",29.6485801,-81.6375819
394626,480,"Gallup, NM",msa,NM,2023-03-31,175804.83949035857,"Gallup, NM, NM",35.5280783,-108.7425843
394683,481,"Hobbs, NM",msa,NM,2023-03-31,147799.95391292195,"Hobbs, NM, NM",32.7026116,-103.1360403
395088,482,"Shawnee, OK",msa,OK,2023-03-31,158450.66560046002,"Shawnee, OK, OK",35.3272928,-96.9253004
394884,484,"Mount Airy, NC",msa,NC,2023-03-31,194330.54053262697,"Mount Airy, NC, NC",36.4999641,-80.6053793
395132,485,"Stevens Point, WI",msa,WI,2023-03-31,236564.40416280608,"Stevens Point, WI, WI",44.52357920000001,-89.574563
394647,486,"Greeneville, TN",msa,TN,2023-03-31,176733.9498498818,"Greeneville, TN, TN",36.1631574,-82.83098609999999
394655,488,"Greenwood, SC",msa,SC,2023-03-31,142944.18495401894,"Greenwood, SC, SC",34.1954001,-82.1617883
394764,489,"Lake City, FL",msa,FL,2023-03-31,242849.53797083627,"Lake City, FL, FL",30.1896756,-82.6392899
394752,490,"Klamath Falls, OR",msa,OR,2023-03-31,282483.45244394825,"Klamath Falls, OR, OR",42.224867,-121.7816704
394877,491,"Morehead City, NC",msa,NC,2023-03-31,415900.93560156063,"Morehead City, NC, NC",34.7229391,-76.7260436
394472,492,"Clearlake, CA",msa,CA,2023-03-31,324508.65902555676,"Clearlake, CA, CA",38.9582307,-122.6263728
394305,493,"Alamogordo, NM",msa,NM,2023-03-31,203892.87388647252,"Alamogordo, NM, NM",32.8995325,-105.960265
395027,494,"Roanoke Rapids, NC",msa,NC,2023-03-31,85646.85783827947,"Roanoke Rapids, NC, NC",36.4615395,-77.6541464
394587,495,"Farmington, MO",msa,MO,2023-03-31,168084.37507513195,"Farmington, MO, MO",37.7808846,-90.4217895
394897,496,"Muskogee, OK",msa,OK,2023-03-31,130081.04711278235,"Muskogee, OK, OK",35.7478769,-95.3696909
394826,497,"Marion, IN",msa,IN,2023-03-31,118430.14488499305,"Marion, IN, IN",20.593684,78.96288
394586,498,"Faribault, MN",msa,MN,2023-03-31,313733.8973407883,"Faribault, MN, MN",44.2949636,-93.268827
395021,499,"Richmond, IN",msa,IN,2023-03-31,140836.4683545237,"Richmond, IN, IN",39.8289369,-84.8902382
394829,500,"Marquette, MI",msa,MI,2023-03-31,203744.3816597076,"Marquette, MI, MI",46.5436199,-87.3953713
394922,501,"North Wilkesboro, NC",msa,NC,2023-03-31,214664.17285396575,"North Wilkesboro, NC, NC",36.1584651,-81.1475841
394885,502,"Mount Pleasant, MI",msa,MI,2023-03-31,174738.6051861027,"Mount Pleasant, MI, MI",43.59780749999999,-84.7675139
395024,503,"Rio Grande City, TX",msa,TX,2023-03-31,72277.90007749236,"Rio Grande City, TX, TX",26.3797874,-98.8203046
394827,504,"Marion, OH",msa,OH,2023-03-31,150013.13502604235,"Marion, OH, OH",40.5886699,-83.1285242
394360,505,"Baraboo, WI",msa,WI,2023-03-31,264306.84864257934,"Baraboo, WI, WI",43.4710944,-89.74429060000001
395016,506,"Red Bluff, CA",msa,CA,2023-03-31,307107.7943448589,"Red Bluff, CA, CA",40.1784886,-122.2358302
394825,507,"Marinette, WI",msa,WI,2023-03-31,140892.9073623683,"Marinette, WI, WI",45.0999849,-87.6306623
395040,509,"Roswell, NM",msa,NM,2023-03-31,146694.16073960403,"Roswell, NM, NM",33.3942655,-104.5230242
395092,510,"Shelton, WA",msa,WA,2023-03-31,426028.49444837664,"Shelton, WA, WA",47.2150945,-123.1007066
394540,511,"Dublin, GA",msa,GA,2023-03-31,129842.96281016852,"Dublin, GA, GA",32.5404447,-82.90375399999999
394899,512,"Nacogdoches, TX",msa,TX,2023-03-31,180474.1266437628,"Nacogdoches, TX, TX",31.6039455,-94.65600400000001
395105,513,"Somerset, KY",msa,KY,2023-03-31,163969.05733266525,"Somerset, KY, KY",37.0920222,-84.6041084
394496,514,"Coos Bay, OR",msa,OR,2023-03-31,338587.7398132873,"Coos Bay, OR, OR",43.242897,-124.1057369
394600,515,"Forest City, NC",msa,NC,2023-03-31,201685.82407784625,"Forest City, NC, NC",35.3340108,-81.8651028
394836,516,"Martinsville, VA",msa,VA,2023-03-31,96411.88381181804,"Martinsville, VA, VA",36.6915262,-79.8725386
395020,517,"Rexburg, ID",msa,ID,2023-03-31,395884.9871274216,"Rexburg, ID, ID",43.8231096,-111.7924237
394787,518,"Lewiston, ID",msa,ID,2023-03-31,333424.942706668,"Lewiston, ID, ID",46.4004089,-117.0011889
394759,519,"Laconia, NH",msa,NH,2023-03-31,423573.1847947846,"Laconia, NH, NH",43.5278546,-71.4703509
394629,520,"Georgetown, SC",msa,SC,2023-03-31,358440.07228891156,"Georgetown, SC, SC",33.376834,-79.2944964
394343,521,"Athens, OH",msa,OH,2023-03-31,147966.71782586593,"Athens, OH, OH",39.3292396,-82.1012554
395063,522,"Sanford, NC",msa,NC,2023-03-31,255051.38851850128,"Sanford, NC, NC",35.4798757,-79.1802994
394570,523,"Enid, OK",msa,OK,2023-03-31,115097.34550645808,"Enid, OK, OK",36.3955891,-97.8783911
394889,524,"Mount Vernon, OH",msa,OH,2023-03-31,239982.30977049688,"Mount Vernon, OH, OH",40.3932283,-82.48543599999999
395199,525,"Walla Walla, WA",msa,WA,2023-03-31,390558.7991825825,"Walla Walla, WA, WA",46.0645809,-118.3430209
394309,526,"Albemarle, NC",msa,NC,2023-03-31,263282.2486960964,"Albemarle, NC, NC",35.3501426,-80.2000578
394701,527,"Hutchinson, KS",msa,KS,2023-03-31,128707.78923437685,"Hutchinson, KS, KS",38.0608445,-97.92977429999999
394693,528,"Hudson, NY",msa,NY,2023-03-31,395589.6379018457,"Hudson, NY, NY",42.2528649,-73.790959
395124,529,"Starkville, MS",msa,MS,2023-03-31,212348.55694613428,"Starkville, MS, MS",33.4503998,-88.81838719999999
394443,530,"Carlsbad, NM",msa,NM,2023-03-31,193357.34944372185,"Carlsbad, NM, NM",32.4203395,-104.2289925
394631,531,"Gillette, WY",msa,WY,2023-03-31,299171.88797365525,"Gillette, WY, WY",44.2910915,-105.5022205
395136,532,"Sturgis, MI",msa,MI,2023-03-31,177942.22859425735,"Sturgis, MI, MI",41.799217,-85.41914820000001
395044,533,"Rutland, VT",msa,VT,2023-03-31,261214.9854975301,"Rutland, VT, VT",43.6106237,-72.9726065
394509,534,"Crossville, TN",msa,TN,2023-03-31,256371.13336754148,"Crossville, TN, TN",35.9489566,-85.0269014
395071,536,"Sayre, PA",msa,PA,2023-03-31,169328.37990370154,"Sayre, PA, PA",41.9789631,-76.51549899999999
395049,537,"Salina, KS",msa,KS,2023-03-31,165582.10956867054,"Salina, KS, KS",38.8402805,-97.61142369999999
753903,538,"Marietta, OH",msa,OH,2023-03-31,170357.39650693882,"Marietta, OH, OH",39.41535200000001,-81.45484359999999
394591,539,"Fergus Falls, MN",msa,MN,2023-03-31,287986.2532749869,"Fergus Falls, MN, MN",46.2835212,-96.0777887
394362,540,"Barre, VT",msa,VT,2023-03-31,322269.4227582107,"Barre, VT, VT",44.1970055,-72.50204939999999
394618,541,"Fremont, OH",msa,OH,2023-03-31,155758.16976326026,"Fremont, OH, OH",41.3503303,-83.1218634
394939,542,"Oneonta, NY",msa,NY,2023-03-31,188337.20408390884,"Oneonta, NY, NY",42.4528571,-75.0637746
394490,543,"Columbus, MS",msa,MS,2023-03-31,149452.73098774903,"Columbus, MS, MS",33.4956744,-88.4272627
394923,544,"Norwalk, OH",msa,OH,2023-03-31,157042.35645411548,"Norwalk, OH, OH",41.1266687,-82.6483442
394365,545,"Batavia, NY",msa,NY,2023-03-31,182887.6634544356,"Batavia, NY, NY",42.9981156,-78.1875167
394336,546,"Ardmore, OK",msa,OK,2023-03-31,159320.5501439129,"Ardmore, OK, OK",34.1742611,-97.14362539999999
394956,547,"Palestine, TX",msa,TX,2023-03-31,176127.74250663948,"Palestine, TX, TX",31.7621153,-95.6307891
394605,548,"Fort Madison, IA",msa,IA,2023-03-31,100412.193078593,"Fort Madison, IA, IA",40.6297634,-91.31453499999999
394456,549,"Charleston, IL",msa,IL,2023-03-31,102843.307138653,"Charleston, IL, IL",39.4961458,-88.1761521
394592,550,"Fernley, NV",msa,NV,2023-03-31,377117.70749069337,"Fernley, NV, NV",39.6079683,-119.2518349
394444,551,"Carson City, NV",msa,NV,2023-03-31,441272.27440889133,"Carson City, NV, NV",39.1637984,-119.7674034
394551,552,"Eagle Pass, TX",msa,TX,2023-03-31,157427.61937487224,"Eagle Pass, TX, TX",28.7091433,-100.4995214
394432,553,"Calhoun, GA",msa,GA,2023-03-31,236106.6934466976,"Calhoun, GA, GA",34.502587,-84.9510542
753877,554,"Cullowhee, NC",msa,NC,2023-03-31,357401.09697909787,"Cullowhee, NC, NC",35.3137111,-83.1765333
394737,555,"Kearney, NE",msa,NE,2023-03-31,255185.8394807357,"Kearney, NE, NE",40.69933030000001,-99.0816784
394582,556,"Fairmont, WV",msa,WV,2023-03-31,147470.17321042405,"Fairmont, WV, WV",39.4850848,-80.1425781
394940,557,"Ontario, OR",msa,OR,2023-03-31,329662.35580883984,"Ontario, OR, OR",44.0265525,-116.9629378
394621,558,"Gaffney, SC",msa,SC,2023-03-31,127447.5778790976,"Gaffney, SC, SC",35.0717945,-81.64981949999999
394977,559,"Picayune, MS",msa,MS,2023-03-31,184783.3787655304,"Picayune, MS, MS",30.5254692,-89.67950839999999
395131,560,"Sterling, IL",msa,IL,2023-03-31,110657.1090888144,"Sterling, IL, IL",41.788642,-89.69621939999999
394411,561,"Branson, MO",msa,MO,2023-03-31,241598.35714011593,"Branson, MO, MO",36.6436731,-93.21851439999999
394446,562,"Cedar City, UT",msa,UT,2023-03-31,398710.6833435677,"Cedar City, UT, UT",37.67747689999999,-113.0618931
395216,563,"Waycross, GA",msa,GA,2023-03-31,123451.5785769446,"Waycross, GA, GA",31.2135511,-82.3540178
394951,564,"Oxford, MS",msa,MS,2023-03-31,268416.2999453019,"Oxford, MS, MS",34.3659868,-89.5188246
394721,565,"Jasper, IN",msa,IN,2023-03-31,203175.9617693082,"Jasper, IN, IN",38.3914418,-86.9311094
394556,566,"Edwards, CO",msa,CO,2023-03-31,1146147.5692000517,"Edwards, CO, CO",39.644986,-106.5942
394547,567,"Durango, CO",msa,CO,2023-03-31,607628.8372024941,"Durango, CO, CO",37.27528,-107.8800667
394750,568,"Kinston, NC",msa,NC,2023-03-31,127357.27128758324,"Kinston, NC, NC",35.2626635,-77.5816353
753920,569,"Sonora, CA",msa,CA,2023-03-31,391762.6700932917,"Sonora, CA, CA",37.9829496,-120.3821724
395157,570,"Tiffin, OH",msa,OH,2023-03-31,146027.39635731027,"Tiffin, OH, OH",41.1585179,-83.1649001
394366,571,"Batesville, AR",msa,AR,2023-03-31,117912.53542841028,"Batesville, AR, AR",35.7696862,-91.6409431
394989,572,"Point Pleasant, WV",msa,OH,2023-03-31,126339.94843513385,"Point Pleasant, WV, OH",38.8445251,-82.1370889
394566,573,"Elko, NV",msa,NV,2023-03-31,313010.8852444914,"Elko, NV, NV",40.8324211,-115.7631232
394517,574,"Danville, KY",msa,KY,2023-03-31,180539.53351625983,"Danville, KY, KY",37.6456329,-84.77217019999999
394632,575,"Glasgow, KY",msa,KY,2023-03-31,162081.26584506794,"Glasgow, KY, KY",36.9958839,-85.91192149999999
395122,576,"St. Marys, GA",msa,GA,2023-03-31,267509.7540717561,"St. Marys, GA, GA",30.7478954,-81.57061089999999
394402,577,"Boone, NC",msa,NC,2023-03-31,437487.6809901472,"Boone, NC, NC",36.216795,-81.6745517
395204,578,"Warrensburg, MO",msa,MO,2023-03-31,238973.09328718335,"Warrensburg, MO, MO",38.7627893,-93.73604979999999
394634,579,"Gloversville, NY",msa,NY,2023-03-31,177716.32430073354,"Gloversville, NY, NY",43.0528506,-74.3437467
394604,580,"Fort Leonard Wood, MO",msa,MO,2023-03-31,194601.2831497493,"Fort Leonard Wood, MO, MO",37.8727481,-92.2236667
394993,581,"Poplar Bluff, MO",msa,MO,2023-03-31,139627.39087798577,"Poplar Bluff, MO, MO",36.7569994,-90.392888
394562,582,"Elizabeth City, NC",msa,NC,2023-03-31,224020.4585495677,"Elizabeth City, NC, NC",36.2946008,-76.2510461
394967,583,"Payson, AZ",msa,AZ,2023-03-31,342566.42711660266,"Payson, AZ, AZ",34.2308684,-111.3251355
394344,584,"Athens, TN",msa,TN,2023-03-31,204619.8327673357,"Athens, TN, TN",35.4428512,-84.5929898
394571,585,"Enterprise, AL",msa,AL,2023-03-31,176804.3353755488,"Enterprise, AL, AL",31.3151708,-85.85521609999999
394339,586,"Ashland, OH",msa,OH,2023-03-31,201261.4211728469,"Ashland, OH, OH",40.8686675,-82.3182178
395073,587,"Scottsboro, AL",msa,AL,2023-03-31,156012.84345756762,"Scottsboro, AL, AL",34.6723069,-86.03414629999999
394861,588,"Milledgeville, GA",msa,GA,2023-03-31,160220.47837055594,"Milledgeville, GA, GA",33.0801429,-83.2320991
394742,589,"Kerrville, TX",msa,TX,2023-03-31,355193.9579391635,"Kerrville, TX, TX",30.0474332,-99.1403189
394363,590,"Bartlesville, OK",msa,OK,2023-03-31,151966.96005205027,"Bartlesville, OK, OK",36.7473114,-95.98081789999999
394985,591,"Platteville, WI",msa,WI,2023-03-31,171772.02158829194,"Platteville, WI, WI",42.73416,-90.4784621
394503,592,"Corsicana, TX",msa,TX,2023-03-31,185719.9469968519,"Corsicana, TX, TX",32.0954304,-96.46887269999999
394652,593,"Greenville, OH",msa,OH,2023-03-31,182268.3671692873,"Greenville, OH, OH",40.1056572,-84.68974949999999
395029,594,"Rochelle, IL",msa,IL,2023-03-31,174787.00298122314,"Rochelle, IL, IL",41.9239178,-89.0687073
394538,596,"Douglas, GA",msa,GA,2023-03-31,121006.82719287714,"Douglas, GA, GA",31.5088073,-82.8498654
394933,597,"Oil City, PA",msa,PA,2023-03-31,111447.699797497,"Oil City, PA, PA",41.4339484,-79.7064413
394838,598,"Mason City, IA",msa,IA,2023-03-31,174800.71516835387,"Mason City, IA, IA",43.1535728,-93.20103669999999
394717,599,"Jacksonville, TX",msa,TX,2023-03-31,196430.0904405414,"Jacksonville, TX, TX",31.7981828,-95.1432068
394625,600,"Galesburg, IL",msa,IL,2023-03-31,86933.57467044581,"Galesburg, IL, IL",40.94781580000001,-90.3712395
394954,601,"Pahrump, NV",msa,NV,2023-03-31,319076.1248510847,"Pahrump, NV, NV",36.2082943,-115.9839147
394963,602,"Paris, TX",msa,TX,2023-03-31,174960.1899429641,"Paris, TX, TX",33.6609389,-95.55551299999999
395234,603,"Winona, MN",msa,MN,2023-03-31,235599.1138525893,"Winona, MN, MN",44.0553908,-91.6663523
753905,604,"Newport, OR",msa,OR,2023-03-31,473473.1624786088,"Newport, OR, OR",44.6367836,-124.0534505
394878,605,"Morgan City, LA",msa,LA,2023-03-31,94211.56333478012,"Morgan City, LA, LA",29.6993748,-91.20676999999999
395091,606,"Shelbyville, TN",msa,TN,2023-03-31,280473.72922192496,"Shelbyville, TN, TN",35.483406,-86.46027169999999
394326,607,"Amsterdam, NY",msa,NY,2023-03-31,167879.31879207212,"Amsterdam, NY, NY",42.9377453,-74.190356
753911,608,"Ozark, AL",msa,AL,2023-03-31,136178.81654142225,"Ozark, AL, AL",31.459017,-85.640289
394316,609,"Alice, TX",msa,TX,2023-03-31,85867.69971543281,"Alice, TX, TX",27.7522487,-98.0697249
394628,610,"Gardnerville Ranchos, NV",msa,NV,2023-03-31,630155.757648727,"Gardnerville Ranchos, NV, NV",38.8882398,-119.7412875
394608,611,"Fort Polk South, LA",msa,LA,2023-03-31,124858.31079534942,"Fort Polk South, LA, LA",31.0567117,-93.2131232
394437,612,"Ca-on City, CO",msa,CO,2023-03-31,321744.36386093876,"Ca-on City, CO, CO",38.4494063,-105.2253316
394903,613,"Natchez, MS",msa,LA,2023-03-31,99048.11847966144,"Natchez, MS, LA",31.5270607,-91.5983959
394906,614,"New Castle, IN",msa,IN,2023-03-31,152036.74859744226,"New Castle, IN, IN",20.593684,78.96288
394478,615,"Clovis, NM",msa,NM,2023-03-31,148866.13707101988,"Clovis, NM, NM",34.4047987,-103.2052272
394919,616,"Norfolk, NE",msa,NE,2023-03-31,212530.7798342917,"Norfolk, NE, NE",42.03272339999999,-97.41375529999999
394431,617,"Cadillac, MI",msa,MI,2023-03-31,160918.41892786333,"Cadillac, MI, MI",44.2519526,-85.40116189999999
395043,618,"Ruston, LA",msa,LA,2023-03-31,193145.86079960165,"Ruston, LA, LA",32.5232053,-92.63792699999999
395097,619,"Sidney, OH",msa,OH,2023-03-31,195087.3207558814,"Sidney, OH, OH",40.2842164,-84.1554987
395008,620,"Pullman, WA",msa,WA,2023-03-31,364908.619259092,"Pullman, WA, WA",46.7297771,-117.1817377
394819,621,"Malone, NY",msa,NY,2023-03-31,155407.63959285003,"Malone, NY, NY",44.8486596,-74.29489830000001
394527,622,"Del Rio, TX",msa,TX,2023-03-31,172000.17721640764,"Del Rio, TX, TX",29.3708857,-100.8958674
394391,623,"Blackfoot, ID",msa,ID,2023-03-31,335456.001345743,"Blackfoot, ID, ID",43.19047090000001,-112.3449773
395017,624,"Red Wing, MN",msa,MN,2023-03-31,301956.70602187834,"Red Wing, MN, MN",44.5660691,-92.5369563
394918,625,"Nogales, AZ",msa,AZ,2023-03-31,252993.67343650135,"Nogales, AZ, AZ",31.3403775,-110.9342532
395144,626,"Tahlequah, OK",msa,OK,2023-03-31,180048.90676830543,"Tahlequah, OK, OK",35.8994729,-94.976654
394739,627,"Kendallville, IN",msa,IN,2023-03-31,208489.7299202959,"Kendallville, IN, IN",41.4414384,-85.2649754
394876,628,"Montrose, CO",msa,CO,2023-03-31,436396.0995528574,"Montrose, CO, CO",38.4783198,-107.8761738
394504,629,"Cortland, NY",msa,NY,2023-03-31,170398.51960100152,"Cortland, NY, NY",42.6011813,-76.1804843
394887,630,"Mount Sterling, KY",msa,KY,2023-03-31,149575.59789309365,"Mount Sterling, KY, KY",38.0564679,-83.9432556
394477,631,"Clinton, IA",msa,IA,2023-03-31,149445.98868797647,"Clinton, IA, IA",41.8444735,-90.1887379
753916,632,"Sandpoint, ID",msa,ID,2023-03-31,564533.4872998985,"Sandpoint, ID, ID",48.276577,-116.553465
753865,633,"Bardstown, KY",msa,KY,2023-03-31,230041.50391362704,"Bardstown, KY, KY",37.8092279,-85.46690249999999
395201,634,"Wapakoneta, OH",msa,OH,2023-03-31,189417.5627173391,"Wapakoneta, OH, OH",40.5781556,-84.3542049
394987,635,"Plymouth, IN",msa,IN,2023-03-31,215639.99122257403,"Plymouth, IN, IN",20.593684,78.96288
394789,636,"Lewistown, PA",msa,PA,2023-03-31,155170.6118045945,"Lewistown, PA, PA",40.5992395,-77.571382
394379,637,"Bemidji, MN",msa,MN,2023-03-31,224714.8153286183,"Bemidji, MN, MN",47.471573,-94.8826861
394377,638,"Bellefontaine, OH",msa,OH,2023-03-31,203676.41952531025,"Bellefontaine, OH, OH",40.3611643,-83.7596557
395087,639,"Seymour, IN",msa,IN,2023-03-31,195691.31561808172,"Seymour, IN, IN",20.593684,78.96288
394426,640,"Burley, ID",msa,ID,2023-03-31,298355.5276872749,"Burley, ID, ID",42.5357428,-113.7927948
394548,641,"Durant, OK",msa,OK,2023-03-31,204622.9551636148,"Durant, OK, OK",33.9924186,-96.39712329999999
394883,642,"Moultrie, GA",msa,GA,2023-03-31,101189.05712992296,"Moultrie, GA, GA",31.1799407,-83.7888387
394398,643,"Bogalusa, LA",msa,LA,2023-03-31,87111.22612484162,"Bogalusa, LA, LA",30.7910204,-89.8486858
394500,644,"Cornelia, GA",msa,GA,2023-03-31,250562.5442310113,"Cornelia, GA, GA",34.5114883,-83.5271166
753889,645,"Hillsdale, MI",msa,MI,2023-03-31,179303.931772469,"Hillsdale, MI, MI",41.9200472,-84.6305101
395155,646,"Thomasville, GA",msa,GA,2023-03-31,179985.05523318695,"Thomasville, GA, GA",30.8365815,-83.9787808
394961,647,"Paragould, AR",msa,AR,2023-03-31,160688.41570628397,"Paragould, AR, AR",36.0525622,-90.48867969999999
394650,648,"Greenville, MS",msa,MS,2023-03-31,56555.56842440038,"Greenville, MS, MS",33.399661,-91.0377029
394427,649,"Burlington, IA",msa,IA,2023-03-31,123927.99893499834,"Burlington, IA, IA",40.8076529,-91.1128901
394817,650,"Madisonville, KY",msa,KY,2023-03-31,121043.56713187972,"Madisonville, KY, KY",37.32810050000001,-87.4988882
394850,651,"Menomonie, WI",msa,WI,2023-03-31,250493.64720012425,"Menomonie, WI, WI",44.8755183,-91.9193422
753918,652,"Shawano, WI",msa,WI,2023-03-31,183402.06360523737,"Shawano, WI, WI",44.7822064,-88.60899169999999
395189,653,"Vicksburg, MS",msa,MS,2023-03-31,156310.5990712742,"Vicksburg, MS, MS",32.3526456,-90.877882
394375,654,"Bedford, IN",msa,IN,2023-03-31,175502.74139192663,"Bedford, IN, IN",38.8611619,-86.4872149
395208,656,"Washington, NC",msa,NC,2023-03-31,222273.1366368828,"Washington, NC, NC",35.54655169999999,-77.0521742
394616,657,"Freeport, IL",msa,IL,2023-03-31,121644.64831382997,"Freeport, IL, IL",42.2966861,-89.6212271
394667,658,"Harrison, AR",msa,AR,2023-03-31,176209.18177294367,"Harrison, AR, AR",36.2297712,-93.107405
395037,659,"Rolla, MO",msa,MO,2023-03-31,185525.3900855241,"Rolla, MO, MO",37.948544,-91.7715303
394482,660,"Coldwater, MI",msa,MI,2023-03-31,159083.18709622382,"Coldwater, MI, MI",41.9403263,-85.00052149999999
753904,661,"Marion, NC",msa,NC,2023-03-31,240330.2744258276,"Marion, NC, NC",35.6840131,-82.00927449999999
394695,662,"Huntingdon, PA",msa,PA,2023-03-31,158104.7204183911,"Huntingdon, PA, PA",40.48479589999999,-78.0102813
394567,663,"Ellensburg, WA",msa,WA,2023-03-31,474549.8384177738,"Ellensburg, WA, WA",46.9965144,-120.5478474
394990,664,"Ponca City, OK",msa,OK,2023-03-31,98437.25477337893,"Ponca City, OK, OK",36.706981,-97.0855948
394779,665,"Lawrenceburg, TN",msa,TN,2023-03-31,194555.58338326783,"Lawrenceburg, TN, TN",35.2761735,-87.460397
394842,666,"McAlester, OK",msa,OK,2023-03-31,128359.1162170145,"McAlester, OK, OK",34.9334298,-95.76971309999999
394886,667,"Mount Pleasant, TX",msa,TX,2023-03-31,195960.2494811335,"Mount Pleasant, TX, TX",33.1567863,-94.96826899999999
395228,668,"Willmar, MN",msa,MN,2023-03-31,229923.81230714655,"Willmar, MN, MN",45.1223711,-95.048659
395034,669,"Rockingham, NC",msa,NC,2023-03-31,98665.89789143618,"Rockingham, NC, NC",34.9393201,-79.7739457
394895,670,"Muscatine, IA",msa,IA,2023-03-31,178479.96019842537,"Muscatine, IA, IA",41.424473,-91.0432051
394785,671,"Lewisburg, PA",msa,PA,2023-03-31,252375.99147633617,"Lewisburg, PA, PA",40.9645293,-76.8844101
394349,672,"Auburn, IN",msa,IN,2023-03-31,203306.16459754735,"Auburn, IN, IN",41.3669942,-85.0588575
394545,673,"Duncan, OK",msa,OK,2023-03-31,115202.29173591972,"Duncan, OK, OK",34.5023028,-97.9578128
395081,674,"Sedalia, MO",msa,MO,2023-03-31,164161.6366479704,"Sedalia, MO, MO",38.7044609,-93.2282613
394448,675,"Cedartown, GA",msa,GA,2023-03-31,190881.35405852747,"Cedartown, GA, GA",34.0112715,-85.25658229999999
394677,676,"Henderson, NC",msa,NC,2023-03-31,136657.99662923926,"Henderson, NC, NC",36.3272658,-78.40269099999999
394297,677,"Aberdeen, SD",msa,SD,2023-03-31,203642.2722789594,"Aberdeen, SD, SD",45.4646985,-98.4864829
395032,678,"Rock Springs, WY",msa,WY,2023-03-31,254123.04674363832,"Rock Springs, WY, WY",41.58746439999999,-109.2029043
394627,679,"Garden City, KS",msa,KS,2023-03-31,219223.1575137465,"Garden City, KS, KS",38.0625252,-100.8903099
395129,680,"Stephenville, TX",msa,TX,2023-03-31,265000.17897488415,"Stephenville, TX, TX",32.2206958,-98.2022633
394449,681,"Celina, OH",msa,OH,2023-03-31,223600.66678351903,"Celina, OH, OH",40.59405479999999,-84.68974949999999
395230,682,"Wilmington, OH",msa,OH,2023-03-31,208373.03296141655,"Wilmington, OH, OH",39.4453393,-83.8285375
394424,683,"Bucyrus, OH",msa,OH,2023-03-31,126916.75479603594,"Bucyrus, OH, OH",40.8083909,-82.97546489999999
394319,684,"Alma, MI",msa,MI,2023-03-31,129227.94255756323,"Alma, MI, MI",43.3789694,-84.66023539999999
394558,685,"El Campo, TX",msa,TX,2023-03-31,188996.3157418893,"El Campo, TX, TX",29.19664049999999,-96.2696867
394891,686,"Mountain Home, AR",msa,AR,2023-03-31,191998.8492580694,"Mountain Home, AR, AR",36.3400904,-92.385217
394624,687,"Gainesville, TX",msa,TX,2023-03-31,286840.22941629397,"Gainesville, TX, TX",33.62594139999999,-97.1333453
395158,688,"Tifton, GA",msa,GA,2023-03-31,162331.36119402573,"Tifton, GA, GA",31.4504629,-83.5084973
394397,689,"Blytheville, AR",msa,AR,2023-03-31,89302.06952510365,"Blytheville, AR, AR",35.9284963,-89.9080319
394845,690,"McMinnville, TN",msa,TN,2023-03-31,200298.9566207967,"McMinnville, TN, TN",35.6865889,-85.7801453
394341,691,"Astoria, OR",msa,OR,2023-03-31,501564.5940184438,"Astoria, OR, OR",46.1878841,-123.8312534
394409,692,"Bradford, PA",msa,PA,2023-03-31,74613.82732656013,"Bradford, PA, PA",41.9564953,-78.649163
394574,693,"Espa-ola, NM",msa,NM,2023-03-31,258203.6984241912,"Espa-ola, NM, NM",35.9910383,-106.0818233
394844,694,"McComb, MS",msa,MS,2023-03-31,84066.29074599997,"McComb, MS, MS",31.2437872,-90.4531535
753866,695,"Big Stone Gap, VA",msa,VA,2023-03-31,106896.52019148009,"Big Stone Gap, VA, VA",36.8586404,-82.78324889999999
394833,696,"Marshalltown, IA",msa,IA,2023-03-31,145032.0545995064,"Marshalltown, IA, IA",42.0494674,-92.90803749999999
394384,697,"Big Rapids, MI",msa,MI,2023-03-31,169915.62963023278,"Big Rapids, MI, MI",43.6980782,-85.4836557
394354,698,"Austin, MN",msa,MN,2023-03-31,173208.87195938456,"Austin, MN, MN",43.6666296,-92.97463669999999
395082,699,"Selinsgrove, PA",msa,PA,2023-03-31,185286.66832109416,"Selinsgrove, PA, PA",40.7989735,-76.8621935
395219,700,"West Plains, MO",msa,MO,2023-03-31,170965.82746133648,"West Plains, MO, MO",36.7281154,-91.8523711
394934,701,"Okeechobee, FL",msa,FL,2023-03-31,230912.9964689359,"Okeechobee, FL, FL",27.2439349,-80.82978279999999
394690,702,"Houghton, MI",msa,MI,2023-03-31,129405.47586122804,"Houghton, MI, MI",47.12113309999999,-88.5694182
394881,703,"Moscow, ID",msa,ID,2023-03-31,415120.86697800254,"Moscow, ID, ID",46.73238749999999,-117.0001651
394476,704,"Clewiston, FL",msa,FL,2023-03-31,231832.79513644645,"Clewiston, FL, FL",26.7542312,-80.93367529999999
395026,705,"Riverton, WY",msa,WY,2023-03-31,293860.9716758421,"Riverton, WY, WY",43.024673,-108.3806054
394560,706,"El Dorado, AR",msa,AR,2023-03-31,97020.66475593689,"El Dorado, AR, AR",33.207471,-92.66557159999999
395083,707,"Selma, AL",msa,AL,2023-03-31,62513.342518566606,"Selma, AL, AL",32.4073589,-87.02110069999999
394981,708,"Pittsburg, KS",msa,KS,2023-03-31,111925.81187369188,"Pittsburg, KS, KS",37.410884,-94.70496
394663,709,"Hannibal, MO",msa,MO,2023-03-31,162791.62863289737,"Hannibal, MO, MO",39.7083789,-91.35848159999999
395203,710,"Warren, PA",msa,PA,2023-03-31,128057.066669437,"Warren, PA, PA",41.8439486,-79.1450445
394315,711,"Alexandria, MN",msa,MN,2023-03-31,295930.52939336514,"Alexandria, MN, MN",45.8848164,-95.3776663
395178,712,"Urbana, OH",msa,OH,2023-03-31,207247.13478987184,"Urbana, OH, OH",40.1083912,-83.7524298
394654,713,"Greenwood, MS",msa,MS,2023-03-31,94632.76277940888,"Greenwood, MS, MS",33.5162315,-90.1795281
394434,714,"Cambridge, OH",msa,OH,2023-03-31,121881.40477257648,"Cambridge, OH, OH",40.031183,-81.5884561
395227,715,"Williston, ND",msa,ND,2023-03-31,278873.4892930175,"Williston, ND, ND",48.1469683,-103.6179745
394526,716,"Defiance, OH",msa,OH,2023-03-31,159900.46727162928,"Defiance, OH, OH",41.2844933,-84.3557802
395099,717,"Sikeston, MO",msa,MO,2023-03-31,130798.579070998,"Sikeston, MO, MO",36.876719,-89.5878579
395046,718,"Safford, AZ",msa,AZ,2023-03-31,243002.89565585,"Safford, AZ, AZ",32.8339546,-109.70758
394715,719,"Jacksonville, IL",msa,IL,2023-03-31,98011.80020434236,"Jacksonville, IL, IL",39.733936,-90.2290098
394300,720,"Ada, OK",msa,OK,2023-03-31,165206.85451407512,"Ada, OK, OK",34.774531,-96.6783449
394422,721,"Brownwood, TX",msa,TX,2023-03-31,164260.67996628178,"Brownwood, TX, TX",31.709319700000002,-98.9911611
394507,722,"Crawfordsville, IN",msa,IN,2023-03-31,191268.6524371569,"Crawfordsville, IN, IN",40.0411536,-86.87445160000001
394801,723,"Logansport, IN",msa,IN,2023-03-31,133042.28927049338,"Logansport, IN, IN",40.7544843,-86.3566659
395072,724,"Scottsbluff, NE",msa,NE,2023-03-31,167436.93997961076,"Scottsbluff, NE, NE",41.8666341,-103.6671662
394904,725,"Natchitoches, LA",msa,LA,2023-03-31,140708.73065327073,"Natchitoches, LA, LA",31.7607195,-93.08627489999999
394914,726,"Newberry, SC",msa,SC,2023-03-31,181338.35463885847,"Newberry, SC, SC",34.2745833,-81.6187178
394799,727,"Lock Haven, PA",msa,PA,2023-03-31,170403.28194981415,"Lock Haven, PA, PA",41.1370133,-77.4469263
394451,728,"Centralia, IL",msa,IL,2023-03-31,81433.24875001825,"Centralia, IL, IL",38.5285169,-89.1316944
394554,729,"Easton, MD",msa,MD,2023-03-31,426439.9018195998,"Easton, MD, MD",38.7742826,-76.0763305
394948,730,"Owatonna, MN",msa,MN,2023-03-31,253011.82452495047,"Owatonna, MN, MN",44.0879297,-93.2260184
394888,731,"Mount Vernon, IL",msa,IL,2023-03-31,88958.02131756367,"Mount Vernon, IL, IL",38.3172714,-88.9031201
394771,733,"Laramie, WY",msa,WY,2023-03-31,342378.56007626606,"Laramie, WY, WY",41.3113669,-105.5911007
394894,734,"Murray, KY",msa,KY,2023-03-31,142596.29805039428,"Murray, KY, KY",36.6103334,-88.31476099999999
394617,735,"Fremont, NE",msa,NE,2023-03-31,206619.99396319,"Fremont, NE, NE",41.4333909,-96.49814669999999
394382,736,"Bennington, VT",msa,VT,2023-03-31,315484.26765192294,"Bennington, VT, VT",42.8781345,-73.1967741
395069,738,"Sault Ste. Marie, MI",msa,MI,2023-03-31,143609.49671334142,"Sault Ste. Marie, MI, MI",46.49771150000001,-84.3475876
394436,739,"Campbellsville, KY",msa,KY,2023-03-31,158420.52444172822,"Campbellsville, KY, KY",37.3433974,-85.3419069
394550,740,"Dyersburg, TN",msa,TN,2023-03-31,128523.7762082304,"Dyersburg, TN, TN",36.0345159,-89.38562809999999
394573,742,"Escanaba, MI",msa,MI,2023-03-31,132900.79372577768,"Escanaba, MI, MI",45.74524659999999,-87.06458010000001
394840,743,"Mayfield, KY",msa,KY,2023-03-31,142926.37714040218,"Mayfield, KY, KY",36.7417235,-88.6367154
394745,744,"Kill Devil Hills, NC",msa,NC,2023-03-31,555076.3072165445,"Kill Devil Hills, NC, NC",36.0307226,-75.6760101
395137,745,"Sulphur Springs, TX",msa,TX,2023-03-31,211972.93001679785,"Sulphur Springs, TX, TX",33.1384479,-95.6010668
394702,746,"Hutchinson, MN",msa,MN,2023-03-31,258366.80491768263,"Hutchinson, MN, MN",44.89254830000001,-94.3692926
394506,747,"Coshocton, OH",msa,OH,2023-03-31,144241.91170880696,"Coshocton, OH, OH",40.2720151,-81.8595756
394696,748,"Huntington, IN",msa,IN,2023-03-31,166846.9975523821,"Huntington, IN, IN",20.593684,78.96288
394522,749,"DeRidder, LA",msa,LA,2023-03-31,132309.60463505896,"DeRidder, LA, LA",30.8463055,-93.2890527
395192,750,"Vincennes, IN",msa,IN,2023-03-31,124841.17718608928,"Vincennes, IN, IN",20.593684,78.96288
394370,751,"Bay City, TX",msa,TX,2023-03-31,187443.80606238215,"Bay City, TX, TX",28.9827565,-95.969402
394920,752,"North Platte, NE",msa,NE,2023-03-31,182936.14187319172,"North Platte, NE, NE",41.1402759,-100.7601454
394973,753,"Peru, IN",msa,IN,2023-03-31,127757.80896449152,"Peru, IN, IN",20.593684,78.96288
394992,754,"Pontiac, IL",msa,IL,2023-03-31,131917.19064240885,"Pontiac, IL, IL",40.8808666,-88.62978389999999
394781,755,"Lebanon, MO",msa,MO,2023-03-31,189819.3734625166,"Lebanon, MO, MO",37.6805967,-92.6637865
394915,756,"Newport, TN",msa,TN,2023-03-31,172090.4124443171,"Newport, TN, TN",35.9670412,-83.1876578
394525,757,"Decatur, IN",msa,IN,2023-03-31,193738.90655081545,"Decatur, IN, IN",40.830603,-84.9291329
395191,758,"Vidalia, GA",msa,GA,2023-03-31,131153.4175821223,"Vidalia, GA, GA",32.2176855,-82.4134614
394413,759,"Brenham, TX",msa,TX,2023-03-31,327725.57129018643,"Brenham, TX, TX",30.1668828,-96.39774419999999
395187,760,"Vernal, UT",msa,UT,2023-03-31,281507.2718600542,"Vernal, UT, UT",40.4555157,-109.5287479
394947,762,"Ottumwa, IA",msa,IA,2023-03-31,108092.20213186322,"Ottumwa, IA, IA",41.01602930000001,-92.40830220000001
394430,764,"Butte, MT",msa,MT,2023-03-31,255819.683577879,"Butte, MT, MT",46.0038232,-112.5347776
394499,765,"Corinth, MS",msa,MS,2023-03-31,125972.43468936835,"Corinth, MS, MS",34.9342548,-88.5222702
394417,766,"Brookhaven, MS",msa,MS,2023-03-31,148613.98473527507,"Brookhaven, MS, MS",31.5790588,-90.4406506
394569,767,"Emporia, KS",msa,KS,2023-03-31,150912.19119090066,"Emporia, KS, KS",38.403903,-96.18166260000001
394713,768,"Jackson, WY",msa,WY,2023-03-31,1128642.946397933,"Jackson, WY, WY",43.4799291,-110.7624282
394385,770,"Big Spring, TX",msa,TX,2023-03-31,112587.14684765707,"Big Spring, TX, TX",32.2503979,-101.4787355
394557,771,"Effingham, IL",msa,IL,2023-03-31,186207.25290549712,"Effingham, IL, IL",39.1200418,-88.5433829
394536,772,"Dodge City, KS",msa,KS,2023-03-31,167841.52780812196,"Dodge City, KS, KS",37.6540069,-99.8124935
395211,773,"Watertown, SD",msa,SD,2023-03-31,275888.10862022993,"Watertown, SD, SD",44.8994088,-97.1150732
394331,774,"Angola, IN",msa,IN,2023-03-31,262664.1107653492,"Angola, IN, IN",20.593684,78.96288
394535,775,"Dixon, IL",msa,IL,2023-03-31,133694.25553413006,"Dixon, IL, IL",41.8389213,-89.47954779999999
394777,776,"Laurinburg, NC",msa,NC,2023-03-31,123373.05654675647,"Laurinburg, NC, NC",34.7740494,-79.46282479999999
395149,777,"Taos, NM",msa,NM,2023-03-31,384784.2519466642,"Taos, NM, NM",36.4072134,-105.5733788
394419,778,"Brookings, SD",msa,SD,2023-03-31,266792.76145746553,"Brookings, SD, SD",44.3113573,-96.79838769999999
394324,779,"Americus, GA",msa,GA,2023-03-31,114996.0637062266,"Americus, GA, GA",32.0723861,-84.23268759999999
394491,780,"Columbus, NE",msa,NE,2023-03-31,245481.32080334972,"Columbus, NE, NE",41.43029730000001,-97.3593904
395150,781,"Taylorville, IL",msa,IL,2023-03-31,95711.68533108832,"Taylorville, IL, IL",39.548935,-89.294533
394335,782,"Arcadia, FL",msa,FL,2023-03-31,250588.57378630995,"Arcadia, FL, FL",27.2158826,-81.8584164
394786,783,"Lewisburg, TN",msa,TN,2023-03-31,283299.06013492146,"Lewisburg, TN, TN",35.4492404,-86.7888887
395084,784,"Seneca Falls, NY",msa,NY,2023-03-31,177026.09011808957,"Seneca Falls, NY, NY",42.9106219,-76.7966215
394533,785,"Dickinson, ND",msa,ND,2023-03-31,268603.7645436294,"Dickinson, ND, ND",46.8791756,-102.7896242
395207,787,"Washington, IN",msa,IN,2023-03-31,189602.1194157215,"Washington, IN, IN",20.593684,78.96288
395165,788,"Troy, AL",msa,AL,2023-03-31,147473.38641009104,"Troy, AL, AL",31.8087678,-85.969951
753902,789,"Malvern, AR",msa,AR,2023-03-31,125081.39568311408,"Malvern, AR, AR",34.3624245,-92.8123856
394613,790,"Frankfort, IN",msa,IN,2023-03-31,174681.91412425204,"Frankfort, IN, IN",20.593684,78.96288
394815,791,"Madison, IN",msa,IN,2023-03-31,192185.54999752747,"Madison, IN, IN",20.593684,78.96288
394414,792,"Brevard, NC",msa,NC,2023-03-31,407964.5645825762,"Brevard, NC, NC",35.2334472,-82.7342919
395141,793,"Susanville, CA",msa,CA,2023-03-31,229937.02810922457,"Susanville, CA, CA",40.4162842,-120.6530063
394835,794,"Martin, TN",msa,TN,2023-03-31,139103.38151289173,"Martin, TN, TN",36.3433965,-88.8503379
394984,795,"Plainview, TX",msa,TX,2023-03-31,99205.3858228634,"Plainview, TX, TX",34.1847936,-101.7068417
753878,797,"Dayton, TN",msa,TN,2023-03-31,204515.04229254927,"Dayton, TN, TN",35.4939587,-85.01245349999999
753892,798,"Jackson, OH",msa,OH,2023-03-31,117764.09521416016,"Jackson, OH, OH",39.0520169,-82.6365536
394433,799,"Cambridge, MD",msa,MD,2023-03-31,227666.85553921407,"Cambridge, MD, MD",38.5631744,-76.0788292
394962,800,"Paris, TN",msa,TN,2023-03-31,165033.95762961268,"Paris, TN, TN",36.3020023,-88.32671069999999
394730,802,"Juneau, AK",msa,AK,2023-03-31,463090.1639244195,"Juneau, AK, AK",58.30049329999999,-134.4201306
394481,803,"Coffeyville, KS",msa,KS,2023-03-31,78125.55764509352,"Coffeyville, KS, KS",37.240253,-95.81428849999999
394774,804,"Las Vegas, NM",msa,NM,2023-03-31,164298.8289389218,"Las Vegas, NM, NM",35.5942137,-105.2227978
394383,805,"Berlin, NH",msa,NH,2023-03-31,222926.09281220744,"Berlin, NH, NH",44.4686696,-71.18507679999999
394473,806,"Cleveland, MS",msa,MS,2023-03-31,107349.47794260632,"Cleveland, MS, MS",33.7440023,-90.7248187
394670,807,"Hastings, NE",msa,NE,2023-03-31,182343.5985291587,"Hastings, NE, NE",40.5862583,-98.38987259999999
394376,808,"Beeville, TX",msa,TX,2023-03-31,133088.17046287796,"Beeville, TX, TX",28.4008319,-97.7483312
394749,809,"Kingsville, TX",msa,TX,2023-03-31,123189.2432893025,"Kingsville, TX, TX",27.5158689,-97.85610899999999
395196,810,"Wabash, IN",msa,IN,2023-03-31,155301.1582393829,"Wabash, IN, IN",20.593684,78.96288
753871,811,"Breckenridge, CO",msa,CO,2023-03-31,939851.3236350068,"Breckenridge, CO, CO",39.4816537,-106.0383518
394310,814,"Albert Lea, MN",msa,MN,2023-03-31,163868.2365043692,"Albert Lea, MN, MN",43.6478006,-93.3686555
395093,815,"Sheridan, WY",msa,WY,2023-03-31,398165.3311062381,"Sheridan, WY, WY",44.7971939,-106.9561791
395176,816,"Union City, TN",msa,TN,2023-03-31,120428.50817590152,"Union City, TN, TN",36.4242303,-89.0570096
394855,817,"Miami, OK",msa,OK,2023-03-31,107287.8360921888,"Miami, OK, OK",36.8745146,-94.8774554
394708,818,"Iron Mountain, MI",msa,MI,2023-03-31,129517.09619790396,"Iron Mountain, MI, MI",45.8202334,-88.0659603
394725,819,"Jesup, GA",msa,GA,2023-03-31,161496.5479711551,"Jesup, GA, GA",31.5092107,-81.909826
394846,820,"McPherson, KS",msa,KS,2023-03-31,191851.26634571663,"McPherson, KS, KS",38.3708415,-97.66420869999999
394751,821,"Kirksville, MO",msa,MO,2023-03-31,160399.8640796225,"Kirksville, MO, MO",40.19475389999999,-92.5832496
753901,822,"Ludington, MI",msa,MI,2023-03-31,195821.8649453227,"Ludington, MI, MI",43.9552825,-86.4525831
394356,823,"Bainbridge, GA",msa,GA,2023-03-31,141075.0796713168,"Bainbridge, GA, GA",30.9037995,-84.57546990000002
394320,824,"Alpena, MI",msa,MI,2023-03-31,135978.28824564302,"Alpena, MI, MI",45.0616794,-83.4327528
395206,825,"Washington Court House, OH",msa,OH,2023-03-31,184105.2917623501,"Washington Court House, OH, OH",39.5373688,-83.437579
394673,826,"Hays, KS",msa,KS,2023-03-31,210712.3376342056,"Hays, KS, KS",38.8791783,-99.3267702
394606,827,"Fort Morgan, CO",msa,CO,2023-03-31,327908.85754034086,"Fort Morgan, CO, CO",40.2502582,-103.7999509
395185,828,"Van Wert, OH",msa,OH,2023-03-31,145777.2251952116,"Van Wert, OH, OH",40.8694927,-84.58412229999999
394740,830,"Kennett, MO",msa,MO,2023-03-31,66836.76599489136,"Kennett, MO, MO",36.2361762,-90.0556493
753926,831,"Weatherford, OK",msa,OK,2023-03-31,146076.0589738487,"Weatherford, OK, OK",35.5261633,-98.7075744
394892,832,"Mountain Home, ID",msa,ID,2023-03-31,329365.3733131419,"Mountain Home, ID, ID",43.1329504,-115.6911975
394864,833,"Mineral Wells, TX",msa,TX,2023-03-31,222345.69327547585,"Mineral Wells, TX, TX",32.8084605,-98.1128223
394795,834,"Lincoln, IL",msa,IL,2023-03-31,102061.41388783832,"Lincoln, IL, IL",40.1483768,-89.3648183
395100,835,"Silver City, NM",msa,NM,2023-03-31,182112.292005558,"Silver City, NM, NM",32.770075,-108.280326
753879,836,"Elkins, WV",msa,WV,2023-03-31,132631.30335422917,"Elkins, WV, WV",38.92593970000001,-79.8467349
394812,838,"Macomb, IL",msa,IL,2023-03-31,81257.38277133515,"Macomb, IL, IL",40.4592076,-90.67179709999999
394435,839,"Camden, AR",msa,AR,2023-03-31,74882.30667752062,"Camden, AR, AR",33.5836341,-92.8341045
394508,840,"Crescent City, CA",msa,CA,2023-03-31,342013.14452777215,"Crescent City, CA, CA",41.7557501,-124.2025913
394921,841,"North Vernon, IN",msa,IN,2023-03-31,184910.0992207408,"North Vernon, IN, IN",39.006165,-85.6235796
395154,843,"Thomaston, GA",msa,GA,2023-03-31,149293.74876412822,"Thomaston, GA, GA",32.9047684,-84.3121264
394642,845,"Grants, NM",msa,NM,2023-03-31,164693.4056946344,"Grants, NM, NM",35.14726,-107.8514466
394381,846,"Bennettsville, SC",msa,SC,2023-03-31,66709.46086619156,"Bennettsville, SC, SC",34.6173803,-79.68478139999999
394615,847,"Fredericksburg, TX",msa,TX,2023-03-31,521130.18125312007,"Fredericksburg, TX, TX",30.2752011,-98.8719843
395159,848,"Toccoa, GA",msa,GA,2023-03-31,190585.9526951687,"Toccoa, GA, GA",34.5773206,-83.3323851
753923,849,"The Dalles, OR",msa,OR,2023-03-31,371815.98870087013,"The Dalles, OR, OR",45.5945645,-121.1786823
394649,850,"Greensburg, IN",msa,IN,2023-03-31,210415.3452802248,"Greensburg, IN, IN",39.3372722,-85.483581
394706,851,"Indianola, MS",msa,MS,2023-03-31,87662.99464370136,"Indianola, MS, MS",33.4509513,-90.6550917
394758,852,"La Grande, OR",msa,OR,2023-03-31,282713.37825208437,"La Grande, OR, OR",45.2334122,-118.0410627
753909,854,"Ottawa, KS",msa,KS,2023-03-31,209209.9935345767,"Ottawa, KS, KS",38.615768,-95.2686366
394912,855,"New Ulm, MN",msa,MN,2023-03-31,189871.38236174916,"New Ulm, MN, MN",44.3144394,-94.45930179999999
394791,856,"Lexington, NE",msa,NE,2023-03-31,171499.9804336493,"Lexington, NE, NE",40.7808398,-99.74150449999999
394643,857,"Great Bend, KS",msa,KS,2023-03-31,97418.7150659075,"Great Bend, KS, KS",38.3644567,-98.7648073
395110,858,"Spearfish, SD",msa,SD,2023-03-31,359118.3722580645,"Spearfish, SD, SD",44.4908172,-103.8593698
395214,859,"Wauchula, FL",msa,FL,2023-03-31,199479.94825006116,"Wauchula, FL, FL",27.4501733,-81.8224362
394830,860,"Marshall, MN",msa,MN,2023-03-31,186797.96704372935,"Marshall, MN, MN",44.448423,-95.79119159999999
394529,861,"Deming, NM",msa,NM,2023-03-31,119373.34161025212,"Deming, NM, NM",32.2686981,-107.7586404
394854,862,"Mexico, MO",msa,MO,2023-03-31,133782.80213506104,"Mexico, MO, MO",39.1730652,-91.887271
394584,863,"Fallon, NV",msa,NV,2023-03-31,343348.3316508368,"Fallon, NV, NV",39.4748693,-118.7770407
394322,864,"Altus, OK",msa,OK,2023-03-31,92309.15027873148,"Altus, OK, OK",34.637765,-99.3340442
395181,865,"Uvalde, TX",msa,TX,2023-03-31,160323.83031701937,"Uvalde, TX, TX",29.20968359999999,-99.7861679
753884,866,"Hailey, ID",msa,ID,2023-03-31,846627.9845248144,"Hailey, ID, ID",43.51962880000001,-114.3153245
753921,867,"Steamboat Springs, CO",msa,CO,2023-03-31,937822.8897334032,"Steamboat Springs, CO, CO",40.4849769,-106.8317158
395138,868,"Summerville, GA",msa,GA,2023-03-31,131798.548274129,"Summerville, GA, GA",34.480642,-85.3477343
394869,869,"Moberly, MO",msa,MO,2023-03-31,139238.6110269668,"Moberly, MO, MO",39.4183689,-92.43823669999999
394858,870,"Middlesborough, KY",msa,KY,2023-03-31,68893.95349430344,"Middlesborough, KY, KY",36.6072567,-83.7142848
395236,871,"Woodward, OK",msa,OK,2023-03-31,116793.33473742794,"Woodward, OK, OK",36.413792,-99.3673084
395004,872,"Prineville, OR",msa,OR,2023-03-31,412243.358527967,"Prineville, OR, OR",44.0978126,-120.0963654
394687,875,"Hood River, OR",msa,OR,2023-03-31,639257.4992540777,"Hood River, OR, OR",45.5605475,-121.6378798
394601,876,"Forrest City, AR",msa,AR,2023-03-31,60680.4486608979,"Forrest City, AR, AR",35.0092581,-90.7852312
394494,877,"Connersville, IN",msa,IN,2023-03-31,131340.9991108542,"Connersville, IN, IN",39.6411589,-85.1410748
394868,878,"Mitchell, SD",msa,SD,2023-03-31,224205.87130703684,"Mitchell, SD, SD",43.7094283,-98.0297992
394831,879,"Marshall, MO",msa,MO,2023-03-31,138156.10082275837,"Marshall, MO, MO",39.1230777,-93.1968704
394418,880,"Brookings, OR",msa,OR,2023-03-31,444712.5054967312,"Brookings, OR, OR",42.0526114,-124.2839819
395241,881,"Yankton, SD",msa,SD,2023-03-31,238013.99472688985,"Yankton, SD, SD",42.87110879999999,-97.39728129999999
395198,882,"Wahpeton, ND",msa,ND,2023-03-31,182137.1080648655,"Wahpeton, ND, ND",46.2652367,-96.60590719999999
394818,883,"Magnolia, AR",msa,AR,2023-03-31,96797.11677707956,"Magnolia, AR, AR",33.2670757,-93.2393835
394564,884,"Elk City, OK",msa,OK,2023-03-31,124676.75620049576,"Elk City, OK, OK",35.4119944,-99.4042592
394793,885,"Liberal, KS",msa,KS,2023-03-31,140955.58654583574,"Liberal, KS, KS",37.0430812,-100.920999
395239,885,"Worthington, MN",msa,MN,2023-03-31,190002.98435529743,"Worthington, MN, MN",43.6210985,-95.59414360000001
394945,887,"Oskaloosa, IA",msa,IA,2023-03-31,156880.01015828017,"Oskaloosa, IA, IA",41.2916728,-92.6493595
394959,888,"Pampa, TX",msa,TX,2023-03-31,68771.24314115003,"Pampa, TX, TX",35.6032805,-100.8000051
394470,889,"Clarksdale, MS",msa,MS,2023-03-31,58725.79679986988,"Clarksdale, MS, MS",34.2001086,-90.5709323
395130,890,"Sterling, CO",msa,CO,2023-03-31,246899.2571754301,"Sterling, CO, CO",40.6255415,-103.207709
394371,891,"Beatrice, NE",msa,NE,2023-03-31,163852.61943241724,"Beatrice, NE, NE",40.2659269,-96.7466913
394718,892,"Jamestown, ND",msa,ND,2023-03-31,185579.14911547015,"Jamestown, ND, ND",46.9105438,-98.7084357
394784,893,"Levelland, TX",msa,TX,2023-03-31,133205.07143030586,"Levelland, TX, TX",33.5873164,-102.37796
394656,894,"Grenada, MS",msa,MS,2023-03-31,116858.73899019748,"Grenada, MS, MS",33.7690049,-89.8084192
394837,895,"Maryville, MO",msa,MO,2023-03-31,183621.20943681465,"Maryville, MO, MO",40.3461017,-94.8724706
394337,896,"Arkadelphia, AR",msa,AR,2023-03-31,121564.19103874716,"Arkadelphia, AR, AR",34.120994,-93.053544
394544,897,"Dumas, TX",msa,TX,2023-03-31,149748.28265980523,"Dumas, TX, TX",35.8446761,-101.8891721
394659,898,"Guymon, OK",msa,OK,2023-03-31,151348.63660135018,"Guymon, OK, OK",36.6828041,-101.4815493
394403,899,"Borger, TX",msa,TX,2023-03-31,78955.76981149647,"Borger, TX, TX",35.8031909,-101.4339148
394979,900,"Pierre, SD",msa,SD,2023-03-31,272721.8172398866,"Pierre, SD, SD",44.36678759999999,-100.3537522
394700,901,"Huron, SD",msa,SD,2023-03-31,183867.78067274825,"Huron, SD, SD",44.3633173,-98.21425719999999
395135,903,"Storm Lake, IA",msa,IA,2023-03-31,168648.54826267634,"Storm Lake, IA, IA",42.6430359,-95.2019399
394498,905,"Cordele, GA",msa,GA,2023-03-31,120263.79120493271,"Cordele, GA, GA",31.9635074,-83.7823938
394578,906,"Evanston, WY",msa,WY,2023-03-31,290177.2191953107,"Evanston, WY, WY",41.2682794,-110.9632373
395014,907,"Raymondville, TX",msa,TX,2023-03-31,65634.27363409557,"Raymondville, TX, TX",26.4948223,-97.69822719999999
753914,908,"Port Lavaca, TX",msa,TX,2023-03-31,185080.0511397891,"Port Lavaca, TX, TX",28.6149968,-96.6260892
753908,909,"Othello, WA",msa,WA,2023-03-31,283589.3340694813,"Othello, WA, WA",46.8259742,-119.1752913
753925,910,"Vineyard Haven, MA",msa,MA,2023-03-31,1378435.744931787,"Vineyard Haven, MA, MA",41.4542786,-70.6036395
394965,911,"Parsons, KS",msa,KS,2023-03-31,75589.86816204825,"Parsons, KS, KS",37.34033840000001,-95.2610838
395003,912,"Price, UT",msa,UT,2023-03-31,237329.42576340496,"Price, UT, UT",39.5994095,-110.8107148
394996,915,"Portales, NM",msa,NM,2023-03-31,128230.4820088494,"Portales, NM, NM",34.1861922,-103.3343978
394805,916,"Los Alamos, NM",msa,NM,2023-03-31,481522.6066114157,"Los Alamos, NM, NM",35.8800364,-106.3031138
394678,918,"Hereford, TX",msa,TX,2023-03-31,136354.12644308424,"Hereford, TX, TX",35.0017354,-102.5298028
394330,920,"Andrews, TX",msa,TX,2023-03-31,198967.23679089363,"Andrews, TX, TX",32.342627,-102.7135121
395112,922,"Spirit Lake, IA",msa,IA,2023-03-31,333825.11684352584,"Spirit Lake, IA, IA",43.4226192,-95.1022313
394594,923,"Fitzgerald, GA",msa,GA,2023-03-31,102769.1988477472,"Fitzgerald, GA, GA",31.727806,-83.33618799999999
753927,924,"Winnemucca, NV",msa,NV,2023-03-31,284127.91505341564,"Winnemucca, NV, NV",40.9729584,-117.7356849
394841,925,"Maysville, KY",msa,KY,2023-03-31,137465.77245450762,"Maysville, KY, KY",38.6411854,-83.744365
395104,926,"Snyder, TX",msa,TX,2023-03-31,101581.30302314696,"Snyder, TX, TX",32.6937844,-100.8903099
394676,927,"Helena, AR",msa,AR,2023-03-31,32577.23187257696,"Helena, AR, AR",34.5291253,-90.5900273
395111,928,"Spencer, IA",msa,IA,2023-03-31,165667.53580830953,"Spencer, IA, IA",43.1450748,-95.144318
394342,929,"Atchison, KS",msa,KS,2023-03-31,138536.6622152053,"Atchison, KS, KS",39.5630521,-95.12163559999999
753880,930,"Fairfield, IA",msa,IA,2023-03-31,161798.60369561295,"Fairfield, IA, IA",41.00761139999999,-91.9636914
395186,932,"Vermillion, SD",msa,SD,2023-03-31,237933.59762898076,"Vermillion, SD, SD",42.7794417,-96.9292104
395142,933,"Sweetwater, TX",msa,TX,2023-03-31,84305.09098250799,"Sweetwater, TX, TX",32.4709519,-100.4059384
394968,934,"Pecos, TX",msa,TX,2023-03-31,107940.17480895288,"Pecos, TX, TX",31.4229124,-103.4932293
753929,935,"Zapata, TX",msa,TX,2023-03-31,93563.0452682142,"Zapata, TX, TX",26.9072605,-99.27142549999999
394743,936,"Ketchikan, AK",msa,AK,2023-03-31,391507.86757875985,"Ketchikan, AK, AK",55.34222219999999,-131.6461111
753874,937,"Craig, CO",msa,CO,2023-03-31,273270.9672476202,"Craig, CO, CO",40.5152491,-107.5464541
395188,938,"Vernon, TX",msa,TX,2023-03-31,74251.63593588531,"Vernon, TX, TX",34.0688089,-99.2785583
394767,939,"Lamesa, TX",msa,TX,2023-03-31,69988.480313219,"Lamesa, TX, TX",32.7376001,-101.950992
